genus,species,render_key
abies,amabilis,
abies,balsamea,
abies,bracteata,
abies,concolor,
abies,fraseri,
abies,grandis,
abies,lasiocarpa,
abies,magnifica,
abies,procera,
abies,shastensis,
acacia,anegadensis,
acacia,aneura,
acacia,auriculiformis,
acacia,confusa,
acacia,dealbata,
acacia,decurrens,
acacia,farnesiana,
acacia,koa,
acacia,koaia,
acacia,longifolia,
acacia,macracantha,
acacia,mangium,
acacia,mearnsii,
acacia,melanoxylon,
acacia,muricata,
acacia,nilotica,
acacia,parramattensis,
acacia,polyacantha,
acacia,spp.,
acacia,tortuosa,
acacia,verticillata,
acer,barbatum,
acer,campestre,
acer,circinatum,
acer,ginnala,
acer,grandidentatum,
acer,griseum,
acer,leucoderme,
acer,macrophyllum,
acer,miyabei,
acer,mono,
acer,negundo,
acer,nigrum,
acer,palmatum,
acer,pensylvanicum,
acer,platanoides,
acer,platanoides x truncatum,
acer,pseudoplatanus,
acer,rubrum,
acer,saccharinum,
acer,saccharum,
acer,spicatum,
acer,tataricum,
acer,triflorum,
acer,x freemanii,
acnistus,arborescens,
acoelorraphe,wrightii,
acrocomia,media,
adansonia,digitata,
adelia,ricinella,
adenanthera,pavonina,
aegiphila,martinicensis,
aesculus,californica,
aesculus,flava,
aesculus,glabra,
aesculus,hippocastanum,
aesculus,parviflora,
afrocarpus,falcatus,
afrocarpus,gracilior,
agathis,australis,
agathis,robusta,
aglaia,mariannensis,
aglaia,ponapensis,
aglaia,samoensis,
aidia,cochinchinensis,
aidia,racemosa,
ailanthus,altissima,
aiphanes,minima,
albizia,adinocephala,
albizia,carbonaria,
albizia,chinensis,
albizia,julibrissin,
albizia,lebbeck,
albizia,procera,
albizia,retusa,
albizia,saponaria,
alchornea,latifolia,
alchorneopsis,floribunda,
alectryon,macrococcus,
aleurites,moluccana,
aleurites,trisperma,
allophylus,crassinervis,
allophylus,racemosus,
allophylus,ternatus,
allophylus,timorensis,
alnus,cordata,
alnus,glutinosa,
alnus,incana,
alnus,nepalensis,
alnus,oblongifolia,
alnus,rhombifolia,
alnus,rubra,
alnus,viridis,
alphitonia,carolinensis,
alphitonia,ponderosa,
alphitonia,zizyphoides,
alsophila,bryophila,
alsophila,portoricensis,
alstonia,macrophylla,
alstonia,pacifica,
amelanchier,arborea,
amelanchier,laevis,
amelanchier,sanguinea,
amelanchier,spp.,
amphitecna,latifolia,
amyris,balsamifera,
amyris,elemifera,
anacardium,occidentale,
anacardium,spp.,
anacolosa,glochidiiformis,
anacolosa,insularis,
anadenanthera,peregrina,
andira,inermis,
aniba,bracteata,
annona,cherimola,
annona,diversifolia,
annona,glabra,
annona,montana,
annona,muricata,
annona,reticulata,
annona,squamosa,
antidesma,bunius,
antidesma,kapuae,
antidesma,kusaiense,
antidesma,platyphyllum,
antidesma,pulvinatum,
antirhea,acutata,
antirhea,coriacea,
antirhea,inconspicua,
antirhea,lucida,
antirhea,obtusifolia,
antirhea,portoricensis,
antirhea,sintenisii,
aralia,elata,
araucaria,angustifolia,
araucaria,columnaris,
araucaria,heterophylla,
arbutus,arizonica,
arbutus,menziesii,
arbutus,unedo,
arbutus,xalapensis,
archontophoenix,alexandrae,
archontophoenix,cunninghamiana,
ardisia,elliptica,
ardisia,glauciflora,
ardisia,luquillensis,
ardisia,obovata,
ardisia,solanacea,
areca,catechu,
arenga,pinnata,
artocarpus,altilis,
artocarpus,heterophyllus,
artocarpus,mariannensis,
artocarpus,nobilis,
artocarpus,odoratissimus,
arytera,brackenridgei,
ascarina,diffusa,
asimina,parviflora,
asimina,triloba,
astronidium,kusaianum,
astronidium,navigatorum,
astronidium,palauense,
astronidium,pickeringii,
astronidium,samoense,
astronidium,subcordata,
atuna,racemosa,
averrhoa,bilimbi,
averrhoa,carambola,
avicennia,germinans,
avicennia,marina,
avicennia,marina ssp.marina,
azadirachta,indica,
baccaurea,taitensis,
baccharis,halimifolia,
bactris,gasipaes,
badusa,palauensis,
banara,portoricensis,
banara,vanderbiltii,
barringtonia,asiatica,
barringtonia,racemosa,
barringtonia,samoensis,
bastardiopsis,eggersii,
bauhinia,lunarioides,
bauhinia,monandra,
bauhinia,multinervia,
bauhinia,pauletia,
bauhinia,purpurea,
bauhinia,tomentosa,
bauhinia,variegata,
bauhinia,x blakeana,
beilschmiedia,pendula,
bernardia,dichotoma,
betula,alleghaniensis,
betula,lenta,
betula,neoalaskana,
betula,nigra,
betula,occidentalis,
betula,papyrifera,
betula,pendula,
betula,platyphylla,
betula,populifolia,
betula,pubescens,
betula,uber,
betula,x utahensis,
bischofia,javanica,
bixa,orellana,
blighia,sapida,
bobea,brevipes,
bobea,elatior,
bobea,sandwicensis,
bobea,timonioides,
bocconia,frutescens,
boehmeria,virgata,
bontia,daphnoides,
bourreria,radula,
bourreria,succulenta,
bourreria,virgata,
brachychiton,discolor,
brachychiton,populneum,
broussonetia,papyrifera,
brugmansia,candida,
bruguiera,gymnorhiza,
bruguiera,parviflora,
brunellia,comocladiifolia,
brunfelsia,americana,
brunfelsia,densifolia,
brunfelsia,lactea,
brunfelsia,portoricensis,
buchanania,engleriana,
buchanania,merrillii,
buchanania,palawensis,
buchenavia,tetraphylla,
bucida,buceras,
bunchosia,glandulifera,
bunchosia,glandulosa,
bunchosia,polystachia,
burckella,richii,
bursera,simaruba,
butia,capitata,
buxus,laevigata,
buxus,sempervirens,
buxus,vahlii,
byrsonima,crassifolia,
byrsonima,lucida,
byrsonima,spicata,
byrsonima,wadsworthii,
caesalpinia,coriaria,
caesalpinia,kavaiensis,
caesalpinia,pulcherrima,
caesalpinia,sappan,
caesalpinia,spp.,
calliandra,surinamensis,
callicarpa,ampla,
callistemon,citrinus,
callistemon,viminalis,
callitris,columellaris,
calocedrus,decurrens,
calophyllum,antillanum,
calophyllum,inophyllum,
calophyllum,neo-ebudicum,
calophyllum,pelewense,
calophyllum,soulattri,
calotropis,procera,
calycophyllum,candidissimum,
calyptranthes,kiaerskovii,
calyptranthes,krugii,
calyptranthes,luquillensis,
calyptranthes,pallens,
calyptranthes,portoricensis,
calyptranthes,sintenisii,
calyptranthes,thomasiana,
calyptranthes,zuzygium,
calyptronoma,rivalis,
camellia,japonica,
camellia,sinensis,
campnosperma,brevipetiolatum,
cananga,odorata,
canarium,hirsutum,
canarium,indicum,
canarium,mafoa,
canarium,ovatum,
canarium,vitiense,
canarium,vulgare,
canella,winteriana,
capparis,amplissima,
capparis,baducca,
capparis,cynophallophora,
capparis,flexuosa,
capparis,hastata,
capparis,indica,
caragana,arborescens,
carapa,guianensis,
carica,papaya,
carmona,retusa,
carpinus,betulus,
carpinus,caroliniana,
carya,alba,
carya,aquatica,
carya,carolinae-septentrionalis,
carya,cordiformis,
carya,floridana,
carya,glabra,
carya,illinoinensis,
carya,laciniosa,
carya,myristiciformis,
carya,ovalis,
carya,ovata,
carya,pallida,
carya,texana,
caryota,mitis,
caryota,urens,
casearia,aculeata,
casearia,arborea,
casearia,cauliflora,
casearia,decandra,
casearia,guianensis,
casearia,sylvestris,
cassia,fistula,
cassia,grandis,
cassia,javanica,
cassia,leptophylla,
cassine,xylocarpa,
cassipourea,guianensis,
castanea,crenata,
castanea,dentata,
castanea,mollissima,
castanea,pumila,
castanea,sativa,
castela,erecta,
castilla,elastica,
casuarina,cunninghamiana,
casuarina,equisetifolia,
casuarina,glauca,
casuarina,lepidophloia,
casuarina,litorea,
catalpa,bignonioides,
catalpa,longissima,
catalpa,ovata,
catalpa,speciosa,
cecropia,obtusifolia,
cecropia,schreberiana,
cedrela,odorata,
cedrus,atlantica,
cedrus,deodara,
cedrus,libani,
ceiba,acuminata,
ceiba,aesculifolia,
ceiba,pentandra,
celtis,laevigata,
celtis,occidentalis,
celtis,paniculata,
celtis,sinensis,
celtis,trinervia,
ceratonia,siliqua,
cerbera,floribunda,
cerbera,manghas,
cerbera,odollam,
cercidiphyllum,japonicum,
cercis,canadensis,
cercis,orbiculata,
cercocarpus,ledifolius,
cereus,hexagonus,
cereus,hildmannianus,
ceriops,tagal,
cestrum,aurantiacum,
cestrum,diurnum,
cestrum,laurifolium,
cestrum,nocturnum,
chamaecyparis,lawsoniana,
chamaecyparis,nootkatensis,
chamaecyparis,obtusa,
chamaecyparis,pisifera,
chamaecyparis,thyoides,
chamaerops,humilis,
chamaesyce,articulata,
chamaesyce,atrococca,
chamaesyce,celastroides,
chamaesyce,herbstii,
chamaesyce,kuwaleana,
chamaesyce,olowaluana,
chamaesyce,rockii,
charpentiera,densiflora,
charpentiera,elliptica,
charpentiera,obovata,
charpentiera,ovata,
charpentiera,tomentosa,
cheirodendron,dominii,
cheirodendron,fauriei,
cheirodendron,forbesii,
cheirodendron,platyphyllum,
cheirodendron,trigynum,
chenopodium,oahuense,
chionanthus,axilliflorus,
chionanthus,compactus,
chionanthus,domingensis,
chionanthus,holdridgei,
chionanthus,ligustrinus,
chionanthus,retusus,
chionanthus,vitiensis,
chione,seminervis,
chione,venosa,
chlorophora,excelsa,
chorisia,speciosa,
chrysobalanus,icaco,
chrysolepis,chrysophylla,
chrysophyllum,argenteum,
chrysophyllum,cainito,
chrysophyllum,oliviforme,
chrysophyllum,pauciflorum,
cibotium,chamissoi,
cibotium,glaucum,
cibotium,heleniae,
cibotium,menziesii,
cibotium,spp.,
cinchona,pubescens,
cinnamomum,aromaticum,
cinnamomum,burmannii,
cinnamomum,camphora,
cinnamomum,carolinense,
cinnamomum,elongatum,
cinnamomum,montanum,
cinnamomum,pedatinervium,
cinnamomum,sessilifolium,
cinnamomum,verum,
citharexylum,caudatum,
citharexylum,spinosum,
citronella,samoensis,
citrus,aurantifolia,
citrus,hystrix,
citrus,macroptera,
citrus,maxima,
citrus,medica,
citrus,mitis,
citrus,reticulata,
citrus,spp.,
citrus,xaurantiifolia,
citrus,xaurantium,
citrus,xlimon,
citrus,xparadisi,
citrus,xsinensis,
cladrastis,kentukea,
claoxylon,carolinianum,
claoxylon,fallax,
claoxylon,longiracemosum,
claoxylon,marianum,
claoxylon,sandwicense,
cleistanthus,carolinianus,
cleistanthus,insularis,
clermontia,arborescens,
clermontia,clermontioides,
clermontia,drepanomorpha,
clermontia,fauriei,
clermontia,grandiflora,
clermontia,hawaiiensis,
clermontia,kakeana,
clermontia,kohalae,
clermontia,leptoclada,
clermontia,lindseyana,
clermontia,micrantha,
clermontia,montis-loa,
clermontia,oblongifolia,
clermontia,pallida,
clermontia,parviflora,
clermontia,peleana,
clermontia,persicifolia,
clermontia,pyrularia,
clermontia,singuliflora,
clermontia,spp.,
clermontia,tuberculata,
clermontia,waimeae,
clerodendrum,aculeatum,
clerodendrum,bungei,
clerodendrum,glabrum,
clerodendrum,macrostegium,
clerodendrum,spp.,
clethra,acuminata,
cleyera,albopunctata,
clibadium,erosum,
clidemia,cymosa,
clinostigma,carolinense,
clitoria,fairchildiana,
clusia,clusioides,
clusia,gundlachii,
clusia,minor,
clusia,rosea,
cnidoscolus,aconitifolius,
coccoloba,costata,
coccoloba,diversifolia,
coccoloba,krugii,
coccoloba,microstachya,
coccoloba,pallida,
coccoloba,pubescens,
coccoloba,pyrifolia,
coccoloba,rugosa,
coccoloba,sintenisii,
coccoloba,swartzii,
coccoloba,tenuifolia,
coccoloba,uvifera,
coccoloba,venosa,
coccothrinax,argentata,
coccothrinax,barbadensis,
cochlospermum,vitifolium,
cocos,nucifera,
codiaeum,variegatum,
coffea,arabica,
coffea,liberica,
coffea,robusta,
cojoba,arborea,
cola,acuminata,
colona,scabra,
colubrina,arborescens,
colubrina,elliptica,
colubrina,oppositifolia,
colutea,arborescens,
commersonia,bartramia,
comocladia,dodonaea,
comocladia,glabra,
condalia,hookeri,
conocarpus,erectus,
conostegia,rufescens,
consolea,moniliformis,
consolea,rubescens,
copaifera,officinalis,
coprosma,foliosa,
coprosma,kauensis,
coprosma,longifolia,
coprosma,montana,
coprosma,ochracea,
coprosma,pubens,
coprosma,rhynchocarpa,
coprosma,spp.,
coprosma,waimeae,
cordia,alliodora,
cordia,aspera,
cordia,boissieri,
cordia,borinquensis,
cordia,collococca,
cordia,dichotoma,
cordia,laevigata,
cordia,micronesica,
cordia,obliqua,
cordia,rickseckeri,
cordia,sebestena,
cordia,subcordata,
cordia,sulcata,
cordyline,fruticosa,
cordyline,spp.,
cornus,drummondii,
cornus,florida,
cornus,kousa,
cornus,nuttallii,
cornutia,obovata,
cornutia,pyramidata,
corylus,colurna,
corymbia,calophylla,
corymbia,citriodora,
corymbia,ficifolia,
corymbia,gummifera,
corynocarpus,laevigatus,
cotinus,coggygria,
cotinus,obovatus,
couroupita,guianensis,
crataegus,brainerdii,
crataegus,calpodendron,
crataegus,chrysocarpa,
crataegus,crus-galli,
crataegus,dilatata,
crataegus,flabellata,
crataegus,mollis,
crataegus,monogyna,
crataegus,pedicellata,
crataegus,spp.,
crataegus,succulenta,
crataegus,uniflora,
crateva,religiosa,
crescentia,alata,
crescentia,cujete,
crescentia,linearifolia,
crescentia,portoricensis,
critonia,portoricensis,
crossopetalum,rhacoma,
crossostylis,biflora,
crotalaria,longirostrata,
croton,astroites,
croton,flavens,
croton,poecilanthus,
cryptocarya,elegans,
cryptocarya,mannii,
cryptocarya,oreophila,
cryptocarya,turbinata,
cryptomeria,japonica,
cudrania,tricuspidata,
cunninghamia,lanceolata,
cupania,americana,
cupania,triquetra,
cupaniopsis,anacardioides,
cupressocyparis,leylandii,
cupressus,arizonica,
cupressus,bakeri,
cupressus,forbesii,
cupressus,lusitanica,
cupressus,macnabiana,
cupressus,macrocarpa,
cupressus,sargentii,
cupressus,sempervirens,
cyanea,aculeatiflora,
cyanea,arborea,
cyanea,fissa,
cyanea,floribunda,
cyanea,giffardii,
cyanea,hamatiflora,
cyanea,hardyi,
cyanea,horrida,
cyanea,kuhihewa,
cyanea,kunthiana,
cyanea,leptostegia,
cyanea,macrostegia,
cyanea,marksii,
cyanea,pilosa,
cyanea,pohaku,
cyanea,procera,
cyanea,pycnocarpa,
cyanea,quercifolia,
cyanea,rivularis,
cyanea,solenocalyx,
cyanea,spp.,
cyanea,stictophylla,
cyanea,superba,
cyanea,tritomantha,
cyathea,andina,
cyathea,arborea,
cyathea,cooperi,
cyathea,decurrens,
cyathea,furfuracea,
cyathea,lunulata,
cyathea,medullaris,
cyathea,nigricans,
cyathea,parvula,
cyathea,ponapeana,
cyathea,tenera,
cyathea,truncata,
cybianthus,sintenisii,
cycas,circinalis,
cycas,revoluta,
cyclophyllum,barbatum,
cydonia,oblonga,
cynometra,portoricensis,
cynometra,ramiflora,
cynometra,yokotae,
cyphomandra,betacea,
cyrilla,racemiflora,
cyrtandra,giffardii,
cyrtandra,ramosissima,
dacryodes,excelsa,
dalbergia,retusa,
dalbergia,sissoo,
dalbergia,tucurensis,
daphnopsis,americana,
daphnopsis,helleriana,
daphnopsis,philippiana,
delissea,fallax,
delissea,laciniata,
delissea,niihauensis,
delissea,parviflora,
delissea,spp.,
delissea,undulata,
delonix,regia,
dendrocnide,harveyi,
dendrocnide,latifolia,
dendropanax,arboreus,
dendropanax,laurifolius,
dictyosperma,album,
dillenia,indica,
dillenia,suffruticosa,
dimocarpus,longan,
diospyros,blancoi,
diospyros,discolor,
diospyros,elliptica,
diospyros,ferrea,
diospyros,hillebrandii,
diospyros,kaki,
diospyros,revoluta,
diospyros,samoensis,
diospyros,sandwicensis,
diospyros,sintenisii,
diospyros,texana,
diospyros,virginiana,
discocalyx,ponapensis,
ditta,myricoides,
dodonaea,viscosa,
dolichandrone,spathacea,
dovyalis,hebecarpa,
dracaena,fragrans,
dracaena,multiflora,
dracaena,reflexa,
drypetes,alba,
drypetes,carolinensis,
drypetes,dolichocarpa,
drypetes,glauca,
drypetes,ilicifolia,
drypetes,lateriflora,
drypetes,nitida,
drypetes,vitiensis,
drypetes,yapensis,
dubautia,arborea,
dubautia,demissifolia,
dubautia,fallax,
dubautia,knudsenii,
dubautia,microcephala,
dubautia,montana,
dubautia,plantaginea,
dubautia,reticulata,
dubautia,spp.,
duranta,erecta,
durio,zibethinus,
dypsis,lutescens,
dysoxylum,huntii,
dysoxylum,maota,
dysoxylum,mollissimum,
dysoxylum,samoense,
ebenopsis,ebano,
ehretia,anacua,
elaeagnus,angustifolia,
elaeis,guineensis,
elaeocarpus,bifidus,
elaeocarpus,carolinensis,
elaeocarpus,floridanus,
elaeocarpus,graeffei,
elaeocarpus,grandis,
elaeocarpus,joga,
elaeocarpus,kerstingianus,
elaeocarpus,kusaiensis,
elaeocarpus,kusanoi,
elaeocarpus,tonganus,
elaeocarpus,ulianus,
elattostachys,falcata,
endiandra,elaeocarpa,
enterolobium,cyclocarpum,
eriobotrya,deflexa,
eriobotrya,japonica,
erithalis,fruticosa,
erythrina,berteriana,
erythrina,corallodendron,
erythrina,coralloides,
erythrina,crista-galli,
erythrina,eggersii,
erythrina,fusca,
erythrina,poeppigiana,
erythrina,sandwicensis,
erythrina,subumbrans,
erythrina,variegata,
erythrospermum,acuminatissimum,
erythroxylum,areolatum,
erythroxylum,rotundifolium,
erythroxylum,rufum,
erythroxylum,urbanii,
eucalyptus,botryoides,
eucalyptus,bridgesiana,
eucalyptus,camaldulensis,
eucalyptus,cinerea,
eucalyptus,cladocalyx,
eucalyptus,cordata,
eucalyptus,cornuta,
eucalyptus,crebra,
eucalyptus,deanei,
eucalyptus,deglupta,
eucalyptus,globulus,
eucalyptus,gomphocephala,
eucalyptus,goniocalyx,
eucalyptus,grandis,
eucalyptus,hemiphloia,
eucalyptus,leucoxylon,
eucalyptus,maculata,
eucalyptus,marginata,
eucalyptus,microcorys,
eucalyptus,paniculata,
eucalyptus,pilularis,
eucalyptus,polyanthemos,
eucalyptus,raveretiana,
eucalyptus,resinifera,
eucalyptus,robusta,
eucalyptus,rudis,
eucalyptus,salicifolia,
eucalyptus,saligna,
eucalyptus,sideroxylon,
eucalyptus,spp.,
eucalyptus,tereticornis,
eucalyptus,viminalis,
eugenia,axillaris,
eugenia,biflora,
eugenia,boqueronensis,
eugenia,borinquensis,
eugenia,caryophyllus,
eugenia,confusa,
eugenia,cordata,
eugenia,corozalensis,
eugenia,domingensis,
eugenia,eggersii,
eugenia,glabrata,
eugenia,haematocarpa,
eugenia,koolauensis,
eugenia,ligustrina,
eugenia,monticola,
eugenia,nitida,
eugenia,palauensis,
eugenia,palumbis,
eugenia,procera,
eugenia,pseudopsidium,
eugenia,reinwardtiana,
eugenia,rhombea,
eugenia,serrasuela,
eugenia,sessiliflora,
eugenia,spp.,
eugenia,stahlii,
eugenia,stewardsonii,
eugenia,suzukii,
eugenia,thompsonii,
eugenia,underwoodii,
eugenia,uniflora,
eugenia,xerophytica,
euodia,hortensis,
euodia,nitida,
euodia,palawensis,
euodia,ponapensis,
euodia,trichantha,
euphorbia,cotinifolia,
euphorbia,haeleeleana,
euphorbia,lactea,
euphorbia,neriifolia,
euphorbia,petiolaris,
euphorbia,pulcherrima,
euphorbia,spp.,
euphorbia,tirucalli,
eurya,sandwicensis,
excoecaria,agallocha,
exocarpos,gaudichaudii,
exorrhiza,ponapensis,
exostema,caribaeum,
exostema,ellipticum,
exostema,sanctae-luciae,
exothea,paniculata,
fagraea,berteroana,
fagraea,ksid,
fagus,grandifolia,
fagus,sylvatica,
falcataria,moluccana,
family arecaceae,not listed above,
faramea,occidentalis,
feijoa,sellowiana,
ficus,americana,
ficus,aurea,
ficus,auriculata,
ficus,benghalensis,
ficus,benjamina,
ficus,carica,
ficus,citrifolia,
ficus,copiosa,
ficus,drupacea,
ficus,elastica,
ficus,godeffroyi,
ficus,lutea,
ficus,lyrata,
ficus,microcarpa,
ficus,nota,
ficus,obliqua,
ficus,obtusifolia,
ficus,prolixa,
ficus,religiosa,
ficus,rubiginosa,
ficus,saffordii,
ficus,scabra,
ficus,spp.,
ficus,stahlii,
ficus,sycomorus,
ficus,thonningii,
ficus,tinctoria,
ficus,trigonata,
ficus,uniauriculata,
ficus,virens,
finschia,chloroxantha,
firmiana,simplex,
fitchia,speciosa,
flacourtia,indica,
flacourtia,inermis,
flacourtia,rukam,
flindersia,brayleyana,
flueggea,acidoton,
flueggea,flexuosa,
flueggea,neowawraea,
forestiera,eggersiana,
forestiera,rhamnifolia,
forestiera,segregata,
fortunella,margarita,
frangula,sphaerosperma,
franklinia,alatamaha,
fraxinus,americana,
fraxinus,berlandieriana,
fraxinus,caroliniana,
fraxinus,excelsior,
fraxinus,latifolia,
fraxinus,nigra,
fraxinus,oxycarpa,
fraxinus,pennsylvanica,
fraxinus,profunda,
fraxinus,quadrangulata,
fraxinus,texensis,
fraxinus,uhdei,
fraxinus,velutina,
fuchsia,boliviana,
fuchsia,paniculata,
funtumia,elastica,
garcinia,dulcis,
garcinia,hessii,
garcinia,mangostana,
garcinia,matsudai,
garcinia,myrtifolia,
garcinia,ponapensis,
garcinia,portoricensis,
garcinia,quadrilocularis,
garcinia,rumiyo,
garcinia,xanthochymus,
gardenia,brighamii,
gardenia,mannii,
gardenia,remyi,
gardenia,spp.,
gardenia,taitensis,
garuga,floribunda,
gaussia,attenuata,
geniostoma,rupestre,
genipa,americana,
gesneria,pedunculosa,
ginkgo,biloba,
ginoria,rohrii,
gironniera,celtidifolia,
gleditsia,aquatica,
gleditsia,triacanthos,
gliricidia,sepium,
glochidion,cuspidatum,
glochidion,kanehirae,
glochidion,marianum,
glochidion,spp.,
glycosmis,parviflora,
gmelina,elliptica,
gmelina,palawensis,
gnetum,gnemon,
goetzea,elegans,
gomidesia,lindeniana,
goniothalamus,carolinensis,
gordonia,lasianthus,
gossypium,barbadense,
gossypium,hirsutum,
graffenrieda,ottoschulzii,
grevillea,banksii,
grevillea,robusta,
guaiacum,officinale,
guaiacum,sanctum,
guamia,mariannae,
guapira,discolor,
guapira,fragrans,
guapira,obtusata,
guarea,glabra,
guarea,guidonia,
guatteria,blainii,
guatteria,caribaea,
guazuma,ulmifolia,
guettarda,elliptica,
guettarda,krugii,
guettarda,odorata,
guettarda,ovalifolia,
guettarda,pungens,
guettarda,scabra,
guettarda,speciosa,
guettarda,valenzuelana,
guioa,rhoifolia,
gulubia,palauensis,
gyminda,latifolia,
gymnanthes,lucida,
gymnocladus,dioicus,
gyrocarpus,americanus,
haematoxylum,campechianum,
haenianthus,salicifolius,
halesia,carolina,
halesia,diptera,
halesia,tetraptera,
hamelia,patens,
haplolobus,floribundus,
harpephyllum,caffrum,
harpullia,arborea,
havardia,pallens,
hebestigma,cubense,
hedycarya,denticulata,
hedyosmum,arborescens,
hedyotis,fosbergii,
hedyotis,hillebrandii,
hedyotis,spp.,
hedyotis,terminalis,
helicteres,jamaicensis,
heliocarpus,popayanensis,
henriettea,fascicularis,
henriettea,macfadyenii,
henriettea,membranifolia,
henriettea,squamulosum,
heritiera,littoralis,
heritiera,longipetiolata,
hernandia,labyrinthica,
hernandia,moerenhoutiana,
hernandia,nymphaeifolia,
hernandia,ovigera,
hernandia,sonora,
hesperomannia,arborescens,
hesperomannia,arbuscula,
hesperomannia,lydgatei,
heteromeles,arbutifolia,
heterospathe,elata,
hevea,brasiliensis,
hibiscadelphus,bombycinus,
hibiscadelphus,crucibracteatus,
hibiscadelphus,distans,
hibiscadelphus,giffardianus,
hibiscadelphus,hualalaiensis,
hibiscadelphus,puakuahiwi,
hibiscadelphus,wilderianus,
hibiscadelphus,woodii,
hibiscus,arnottianus,
hibiscus,brackenridgei,
hibiscus,calyphyllus,
hibiscus,clayi,
hibiscus,elatus,
hibiscus,kokio,
hibiscus,macrophyllus,
hibiscus,mutabilis,
hibiscus,pernambucensis,
hibiscus,rosa-sinensis,
hibiscus,tiliaceus,
hibiscus,waimeae,
hippomane,mancinella,
hirtella,rugosa,
hirtella,triandra,
homalanthus,acuminatus,
homalanthus,nutans,
homalium,racemosum,
homalium,whitmeeanum,
horsfieldia,amklaal,
horsfieldia,novoguineensis,
horsfieldia,nunu,
horsfieldia,palauensis,
hovenia,dulcis,
howeia,forsteriana,
hura,crepitans,
hyeronima,clusioides,
hymenaea,courbaril,
hypelate,trifoliata,
hyperbaena,laurifolia,
ilex,anomala,
ilex,aquifolium,
ilex,cassine,
ilex,cookii,
ilex,guianensis,
ilex,macfadyenii,
ilex,nitida,
ilex,opaca,
ilex,paraguariensis,
ilex,sideroxyloides,
ilex,sintenisii,
ilex,urbaniana,
ilex,vomitoria,
inga,edulis,
inga,laurina,
inga,nobilis,
inga,spp.,
inga,vera,
inocarpus,fagifer,
intsia,bijuga,
ixora,ferrea,
ixora,thwaitesii,
jacaranda,mimosifolia,
jacquinia,armillaris,
jacquinia,berteroi,
jatropha,curcas,
jatropha,hernandiifolia,
jatropha,multifida,
juglans,californica,
juglans,cinerea,
juglans,hindsii,
juglans,jamaicensis,
juglans,major,
juglans,microcarpa,
juglans,nigra,
juglans,regia,
juniperus,ashei,
juniperus,californica,
juniperus,chinensis,
juniperus,coahuilensis,
juniperus,deppeana,
juniperus,flaccida,
juniperus,monosperma,
juniperus,occidentalis,
juniperus,osteosperma,
juniperus,pinchotii,
juniperus,scopulorum,
juniperus,virginiana,
kayea,pacifica,
khaya,anthotheca,
khaya,senegalensis,
kigelia,africana,
kleinhovia,hospita,
koelreuteria,bipinnata,
koelreuteria,paniculata,
kokia,cookei,
kokia,drynarioides,
kokia,kauaiensis,
kokia,lanceolata,
krugiodendron,ferreum,
kunzea,ericoides,
labordia,fagraeoidea,
labordia,hedyosmifolia,
labordia,hirtella,
labordia,kaalae,
labordia,lydgatei,
labordia,spp.,
labordia,tinifolia,
labordia,triflora,
labordia,waiolani,
laburnum,anagyroides,
laetia,procera,
lagerstroemia,indica,
lagerstroemia,speciosa,
laguncularia,racemosa,
lansium,domesticum,
laplacea,portoricensis,
larix,decidua,
larix,kaempferi,
larix,laricina,
larix,lyallii,
larix,occidentalis,
larix,sibirica,
larix,spp.,
latania,loddigesii,
lawsonia,inermis,
leandra,krugiana,
leptocereus,quadricostatus,
leptospermum,morrisonii,
leptospermum,petersonii,
leptospermum,polygalifolim,
leptospermum,scoparium,
leptospermum,spp.,
leucaena,leucocephala,
leucaena,pulverulenta,
leucaena,retusa,
licaria,brittoniana,
licaria,parvifolia,
licaria,triandra,
ligustrum,japonicum,
ligustrum,lucidum,
ligustrum,ovalifolium,
liquidambar,orientalis,
liquidambar,styraciflua,
liriodendron,tulipifera,
litchi,chinensis,
lithocarpus,densiflorus,
litsea,samoensis,
livistona,chinensis,
lonchocarpus,domingensis,
lonchocarpus,glaucifolius,
lonchocarpus,heptaphyllus,
lophostemon,confertus,
luehea,speciosa,
lumnitzera,littorea,
lunania,ekmanii,
lyonia,rubiginosa,
lysiloma,latisiliquum,
macadamia,integrifolia,
macadamia,tetraphylla,
macaranga,carolinensis,
macaranga,grayana,
macaranga,harveyana,
macaranga,mappa,
macaranga,stipulosa,
macaranga,tanarius,
macaranga,thompsonii,
machaerium,lunatum,
machaonia,portoricensis,
maclura,pomifera,
maclura,tinctoria,
maesopsis,eminii,
magnolia,acuminata,
magnolia,fraseri,
magnolia,grandiflora,
magnolia,macrophylla,
magnolia,portoricensis,
magnolia,pyramidata,
magnolia,sieboldii,
magnolia,splendens,
magnolia,stellata,
magnolia,tripetala,
magnolia,virginiana,
magnolia,x soulangiana,
mallotus,philippensis,
mallotus,tiliifolius,
malpighia,emarginata,
malpighia,fucata,
malpighia,glabra,
malpighia,infestissima,
malpighia,linearis,
malus,angustifolia,
malus,baccata,
malus,coronaria,
malus,floribunda,
malus,fusca,
malus,ioensis,
malus,pumila,
malus,spp.,
mammea,americana,
mammea,glauca,
mammea,odorata,
mangifera,indica,
mangifera,minor,
mangifera,odorata,
manihot,carthaginensis ssp. glaziovii,
manilkara,bidentata,
manilkara,dissecta,
manilkara,hoshinoi,
manilkara,jaimiqui,
manilkara,pleeana,
manilkara,udoido,
manilkara,valenzuela,
manilkara,zapota,
mappia,racemosa,
maranthes,corymbosa,
margaritaria,nobilis,
marlierea,sintenisii,
matayba,apetala,
matayba,domingensis,
maytenus,boaria,
maytenus,cymosa,
maytenus,elongata,
maytenus,laevigata,
maytenus,palauica,
maytenus,ponceana,
maytenus,thompsonii,
mecranium,latifolium,
medusanthera,carolinensis,
medusanthera,samoensis,
melaleuca,linariifolia,
melaleuca,quinquenervia,
melanolepis,multiglandulosa,
melia,azedarach,
melicoccus,bijugatus,
melicope,anisata,
melicope,balloui,
melicope,barbigera,
melicope,christophersenii,
melicope,cinerea,
melicope,clusiifolia,
melicope,cruciata,
melicope,elliptica,
melicope,haleakalae,
melicope,haupuensis,
melicope,hawaiensis,
melicope,hiiakae,
melicope,hosakae,
melicope,kaalaensis,
melicope,knudsenii,
melicope,latifolia,
melicope,macropus,
melicope,makahae,
melicope,molokaiensis,
melicope,mucronulata,
melicope,oahuensis,
melicope,obovata,
melicope,orbicularis,
melicope,ovalis,
melicope,ovata,
melicope,pallida,
melicope,paniculata,
melicope,peduncularis,
melicope,pseudoanisata,
melicope,puberula,
melicope,quadrangularis,
melicope,radiata,
melicope,rotundifolia,
melicope,saint-johnii,
melicope,sandwicensis,
melicope,spp.,
melicope,volcanica,
melicope,waialealae,
melicope,wawraeana,
melicope,zahlbruckneri,
melicytus,samoensis,
meliosma,herbertii,
meliosma,obtusifolia,
melochia,aristata,
melochia,tomentosa,
melochia,umbellata,
melochia,villosissima,
merrilliodendron,megacarpum,
meryta,macrophylla,
meryta,senfftiana,
metasequoia,glyptostroboides,
metopium,toxiferum,
metrosideros,collina,
metrosideros,macropus,
metrosideros,polymorpha,
metrosideros,rugosa,
metrosideros,tremuloides,
metrosideros,waialealae,
metroxylon,amicarum,
metroxylon,sagu,
michelia,champaca,
miconia,affinis,
miconia,calvescens,
miconia,foveolata,
miconia,impetiolaris,
miconia,laevigata,
miconia,lanata,
miconia,mirabilis,
miconia,pachyphylla,
miconia,prasina,
miconia,punctata,
miconia,pycnoneura,
miconia,racemosa,
miconia,rubiginosa,
miconia,serrulata,
miconia,sintenisii,
miconia,subcorymbosa,
miconia,tetrandra,
miconia,thomasiana,
micromelum,minutum,
micropholis,garciniifolia,
micropholis,guyanensis,
millettia,pinnata,
mimosa,arenosa,
mimusops,elengi,
monodora,spp.,
montanoa,hibiscifolia,
morella,cerifera,
morella,faya,
morella,holdridgeana,
morinda,citrifolia,
morinda,latibractea,
morinda,pedunculata,
morinda,trimera,
moringa,oleifera,
morisonia,americana,
morus,alba,
morus,microphylla,
morus,nigra,
morus,rubra,
mouriri,domingensis,
mouriri,helleri,
munroidendron,racemosum,
muntingia,calabura,
murraya,exotica,
murraya,koenigii,
mussaenda,raiateensis,
myoporum,laetum,
myoporum,sandwicense,
myrcia,citrifolia,
myrcia,deflexa,
myrcia,fallax,
myrcia,leptoclada,
myrcia,paganii,
myrcia,splendens,
myrcianthes,fragrans,
myrciaria,cauliflora,
myrciaria,floribunda,
myrica,rubra,
myristica,hypargyraea,
myristica,insularis,
myristica,inutilis,
myrospermum,frutescens,
myroxylon,balsamum,
myrsine,alyxifolia,
myrsine,coriacea,
myrsine,cubana,
myrsine,degeneri,
myrsine,emarginata,
myrsine,fernseei,
myrsine,fosbergii,
myrsine,helleri,
myrsine,kauaiensis,
myrsine,knudsenii,
myrsine,lanaiensis,
myrsine,lessertiana,
myrsine,mezii,
myrsine,palauensis,
myrsine,petiolata,
myrsine,pukooensis,
myrsine,sandwicensis,
myrsine,wawraea,
nectandra,coriacea,
nectandra,hihua,
nectandra,krugii,
nectandra,membranacea,
nectandra,patens,
nectandra,turbacensis,
neea,buxifolia,
neolamarckia,cadamba,
neolaugeria,resinosa,
neonauclea,forsteri,
nephelium,lappaceum,
nephelium,ramboutan-ake,
neraudia,melastomifolia,
nesoluma,polynesicum,
nestegis,sandwicensis,
neuburgia,celebica,
nicotiana,glauca,
nothocestrum,breviflorum,
nothocestrum,latifolium,
nothocestrum,longifolium,
nothocestrum,peltatum,
nototrichium,humile,
nototrichium,sandwicense,
nyssa,aquatica,
nyssa,biflora,
nyssa,ogeche,
nyssa,sylvatica,
ochna,mossambicensis,
ochna,thomasiana,
ochroma,pyramidale,
ochrosia,compta,
ochrosia,haleakalae,
ochrosia,kauaiensis,
ochrosia,kilaueaensis,
ochrosia,mariannensis,
ochrosia,oppositifolia,
ocotea,floribunda,
ocotea,foeniculacea,
ocotea,leucoxylon,
ocotea,moschata,
ocotea,nemodaphne,
ocotea,portoricensis,
ocotea,spathulata,
ocotea,wrightii,
olea,europaea,
ormosia,calavensis,
ormosia,krugii,
osmoxylon,oliveri,
osmoxylon,pachyphyllum,
osmoxylon,truncatum,
ostrya,virginiana,
ottoschulzia,rhodoxylon,
ouratea,ilicifolia,
ouratea,littoralis,
ouratea,striata,
oxandra,lanceolata,
oxandra,laurifolia,
oxydendrum,arboreum,
pachira,aquatica,
pachira,insignis,
palaquium,karrak,
palaquium,stehlinii,
palicourea,alpina,
palicourea,crocea,
palicourea,croceoides,
palicourea,guianensis,
pandanus,aimiriikensis,
pandanus,cominsii,
pandanus,dubius,
pandanus,japensis,
pandanus,kanehirae,
pandanus,macrojeanneretia,
pandanus,palawensis,
pandanus,patina,
pandanus,peliliuensis,
pandanus,reineckei,
pandanus,spp.,
pandanus,tectorius,
pandanus,utilis,
pangium,edule,
parathesis,crenulata,
parinari,insularum,
parinari,laurina,
parkia,korom,
parkia,parvifoliola,
parkia,spp.,
parkia,timoriana,
parkinsonia,aculeata,
parkinsonia,spp.,
parkinsonia,texana,
parmentiera,aculeata,
parmentiera,cereifera,
paulownia,tomentosa,
peltophorum,pterocarpum,
pemphis,acidula,
pentadesma,butyracea,
pera,bumeliifolia,
pericopsis,mooniana,
perrottetia,sandwicensis,
persea,americana,
persea,borbonia,
persea,krugii,
persea,palustris,
persea,urbaniana,
petitia,domingensis,
phaleria,nisidai,
phellodendron,amurense,
phialanthus,grandifolius,
phialanthus,myrtilloides,
phoenix,canariensis,
phoenix,dactylifera,
phoenix,roebelenii,
phoenix,sylvestris,
photinia,davidiana,
phyllanthus,acidus,
phyllanthus,distichus,
phyllanthus,juglandifolius,
phyllanthus,orbicularis,
picea,abies,
picea,breweriana,
picea,engelmannii,
picea,glauca,
picea,glehnii,
picea,mariana,
picea,omorika,
picea,pungens,
picea,rubens,
picea,sitchensis,
picramnia,pentandra,
picrasma,excelsa,
pictetia,aculeata,
pilocarpus,racemosus,
pilosocereus,royenii,
pimenta,dioica,
pimenta,racemosa,
pinanga,insignis,
pinus,albicaulis,
pinus,aristata,
pinus,arizonica,
pinus,attenuata,
pinus,balfouriana,
pinus,banksiana,
pinus,bungeana,
pinus,canariensis,
pinus,caribaea,
pinus,cembroides,
pinus,clausa,
pinus,contorta,
pinus,coulteri,
pinus,densiflora,
pinus,discolor,
pinus,echinata,
pinus,edulis,
pinus,elliottii,
pinus,engelmannii,
pinus,flexilis,
pinus,glabra,
pinus,halepensis,
pinus,jeffreyi,
pinus,lambertiana,
pinus,leiophylla,
pinus,longaeva,
pinus,massoniana,
pinus,merkusii,
pinus,monophylla,
pinus,monticola,
pinus,muricata,
pinus,nigra,
pinus,oocarpa,
pinus,palustris,
pinus,parviflora,
pinus,patula,
pinus,pinaster,
pinus,pinea,
pinus,ponderosa,
pinus,pungens,
pinus,quadrifolia,
pinus,radiata,
pinus,remota,
pinus,resinosa,
pinus,rigida,
pinus,roxburghii,
pinus,sabiniana,
pinus,serotina,
pinus,strobiformis,
pinus,strobus,
pinus,sylvestris,
pinus,taeda,
pinus,thunbergii,
pinus,torreyana,
pinus,virginiana,
pinus,washoensis,
piper,aduncum,
piper,amalago,
piper,blattarum,
piper,marginatum,
piper,swartzianum,
pipturus,albidus,
pipturus,argenteus,
piscidia,carthagenensis,
piscidia,piscipula,
pisonia,albida,
pisonia,brunoniana,
pisonia,grandis,
pisonia,sandwicensis,
pisonia,subcordata,
pisonia,umbellifera,
pisonia,wagneriana,
pistacia,chinensis,
pithecellobium,dulce,
pithecellobium,unguis-cati,
pittosporum,argentifolium,
pittosporum,confertiflorum,
pittosporum,ferrugineum,
pittosporum,flocculosum,
pittosporum,gayanum,
pittosporum,glabrum,
pittosporum,halophilum,
pittosporum,hawaiiense,
pittosporum,hosmeri,
pittosporum,kauaiense,
pittosporum,monae,
pittosporum,napaliense,
pittosporum,pentandrum,
pittosporum,spp.,
pittosporum,terminalioides,
pittosporum,tobira,
pittosporum,undulatum,
pittosporum,viridiflorum,
planchonella,garberi,
planchonella,grayana,
planchonella,linggensis,
planchonella,obovata,
planchonella,torricellensis,
planera,aquatica,
platanus,hybrida,
platanus,mexicana,
platanus,occidentalis,
platanus,orientalis,
platanus,racemosa,
platanus,wrightii,
platycladus,orientalis,
platydesma,remyi,
platydesma,spathulata,
pleodendron,macranthum,
pleomele,aurea,
pleomele,auwahiensis,
pleomele,fernaldii,
pleomele,forbesii,
pleomele,halapepe,
pleomele,hawaiiensis,
plumeria,alba,
plumeria,obtusa,
plumeria,rubra,
podocarpus,coriaceus,
podocarpus,macrophyllus,
poitea,florida,
polygala,cowellii,
polygala,penaea,
polyscias,grandifolia,
polyscias,guilfoylei,
polyscias,macgillivrayi,
polyscias,nodosa,
polyscias,samoensis,
polyscias,scutellaria,
polyscias,spp.,
pometia,pinnata,
ponapea,hosinoi,
ponapea,ledermanniana,
poncirus,trifoliata,
pongamia,pinnata,
populus,alba,
populus,angustifolia,
populus,balsamifera,
populus,deltoides,
populus,fremontii,
populus,grandidentata,
populus,heterophylla,
populus,nigra,
populus,tremuloides,
populus,x canadensis,
populus,x canescens,
pouteria,caimito,
pouteria,calcarea,
pouteria,campechiana,
pouteria,dictyoneura,
pouteria,hotteana,
pouteria,multiflora,
pouteria,sandwicensis,
pouteria,sapota,
premna,obtusifolia,
premna,pubescens,
premna,serratifolia,
prestoea,acuminata,
pritchardia,affinis,
pritchardia,arecina,
pritchardia,beccariana,
pritchardia,forbesiana,
pritchardia,hardyi,
pritchardia,hillebrandii,
pritchardia,kaalae,
pritchardia,lanaiensis,
pritchardia,lanigera,
pritchardia,limahuliensis,
pritchardia,lowreyana,
pritchardia,martii,
pritchardia,minor,
pritchardia,munroi,
pritchardia,pacifica,
pritchardia,perlmanii,
pritchardia,remota,
pritchardia,schattaueri,
pritchardia,spp.,
pritchardia,viscosa,
pritchardia,waialealeana,
prockia,crucis,
prosopis,cineraria,
prosopis,glandulosa,
prosopis,juliflora,
prosopis,pallida,
prosopis,pubescens,
prosopis,velutina,
prunus,alleghaniensis,
prunus,americana,
prunus,angustifolia,
prunus,armeniaca,
prunus,avium,
prunus,caroliniana,
prunus,cerasifera,
prunus,cerasus,
prunus,domestica,
prunus,dulcis,
prunus,emarginata,
prunus,laurocerasus,
prunus,mahaleb,
prunus,mexicana,
prunus,myrtifolia,
prunus,nigra,
prunus,occidentalis,
prunus,pensylvanica,
prunus,persica,
prunus,salicina,
prunus,serotina,
prunus,serrulata,
prunus,spp.,
prunus,virginiana,
prunus,x yedoensis,
pseudolmedia,spuria,
pseudophoenix,sargentii,
pseudotsuga,macrocarpa,
pseudotsuga,menziesii,
psidium,amplexicaule,
psidium,cattleianum,
psidium,guajava,
psidium,longipes,
psidium,sintenisii,
psychotria,berteriana,
psychotria,brachiata,
psychotria,brownei,
psychotria,carolinensis,
psychotria,cheathamiana,
psychotria,domingensis,
psychotria,fauriei,
psychotria,grandiflora,
psychotria,grandis,
psychotria,greenwelliae,
psychotria,hathewayi,
psychotria,hawaiiensis,
psychotria,hexandra,
psychotria,hobdyi,
psychotria,insularum,
psychotria,kaduana,
psychotria,maleolens,
psychotria,mariana,
psychotria,maricaensis,
psychotria,mariniana,
psychotria,mauiensis,
psychotria,nutans,
psychotria,pubescens,
psychotria,rhombocarpa,
psychotria,rotensis,
psychotria,spp.,
psychotria,wawrae,
psydrax,merrillii,
psydrax,odorata,
pteralyxia,kauaiensis,
pteralyxia,macrocarpa,
pterocarpus,indicus,
pterocarpus,macrocarpus,
pterocarpus,marsupium,
pterocarpus,officinalis,
pterocarya,stenoptera,
ptychococcus,ledermannianus,
ptychosperma,macarthuri,
ptychosperma,palauense,
punica,granatum,
pyrus,calleryana,
pyrus,communis,
pyrus,pyrifolia,
pyrus,spp.,
quararibea,turbinata,
quercus,acutissima,
quercus,agrifolia,
quercus,alba,
quercus,arizonica,
quercus,arkansana,
quercus,austrina,
quercus,bicolor,
quercus,buckleyi,
quercus,cerris,
quercus,chrysolepis,
quercus,coccinea,
quercus,douglasii,
quercus,ellipsoidalis,
quercus,emoryi,
quercus,engelmannii,
quercus,falcata,
quercus,fusiformis,
quercus,gambelii,
quercus,garryana,
quercus,geminata,
quercus,georgiana,
quercus,graciliformis,
quercus,gravesii,
quercus,grisea,
quercus,hemisphaerica,
quercus,hypoleucoides,
quercus,ilex,
quercus,ilicifolia,
quercus,imbricaria,
quercus,incana,
quercus,kelloggii,
quercus,laceyi,
quercus,laevis,
quercus,laurifolia,
quercus,lobata,
quercus,lyrata,
quercus,macrocarpa,
quercus,margarettiae,
quercus,marilandica,
quercus,michauxii,
quercus,minima,
quercus,muehlenbergii,
quercus,myrtifolia,
quercus,nigra,
quercus,oblongifolia,
quercus,oglethorpensis,
quercus,pagoda,
quercus,palustris,
quercus,petraea,
quercus,phellos,
quercus,polymorpha,
quercus,prinoides,
quercus,prinus,
quercus,robur,
quercus,robusta,
quercus,rubra,
quercus,rugosa,
quercus,shumardii,
quercus,similis,
quercus,sinuata,
quercus,stellata,
quercus,suber,
quercus,tardifolia,
quercus,texana,
quercus,vaseyana,
quercus,velutina,
quercus,virginiana,
quercus,wislizeni,
randia,aculeata,
rapanea,myricifolia,
rauvolfia,insularis,
rauvolfia,nitida,
rauvolfia,sandwicensis,
rauvolfia,vomitoria,
ravenala,madagascariensis,
ravenia,urbanii,
reynoldsia,lanutoensis,
reynoldsia,sandwicensis,
reynosia,guama,
reynosia,krugii,
reynosia,uncinata,
rhamnus,cathartica,
rheedia,edulis,
rhizophora,apiculata,
rhizophora,lamarckii,
rhizophora,mangle,
rhizophora,mucronata,
rhizophora,stylosa,
rhododendron,catawbiense,
rhodomyrtus,tomentosa,
rhus,lancea,
rhus,lanceolata,
rhus,sandwicensis,
rhus,taitensis,
ricinus,communis,
rinorea,carolinensis,
robinia,neomexicana,
robinia,pseudoacacia,
rochefortia,acanthophora,
rochefortia,spinosa,
rollinia,deliciosa,
rollinia,mucosa,
rondeletia,inermis,
rondeletia,pilosa,
rondeletia,portoricensis,
roystonea,borinquena,
roystonea,elata,
roystonea,oleracea,
roystonea,spp.,
sabal,causiarum,
sabal,mexicana,
sabal,minor,
sabal,palmetto,
sagraea,umbrosa,
salix,alba,
salix,amygdaloides,
salix,bonplandiana,
salix,caroliniana,
salix,elaeagnos,
salix,fragilis,
salix,humboldtiana,
salix,lasiolepis,
salix,nigra,
salix,pyrifolia,
salix,scouleriana,
salix,sepulcralis,
salix,sericea,
samadera,indica,
samanea,saman,
samyda,dodecandra,
sandoricum,koetjape,
santalum,album,
santalum,ellipticum,
santalum,freycinetianum,
santalum,haleakalae,
santalum,paniculatum,
santalum,salicifolium,
sapindus,oahuense,
sapindus,saponaria,
sapindus,vitiensis,
sapium,glandulosum,
sapium,laurifolium,
sapium,laurocerasus,
sarcopygme,pacifica,
sassafras,albidum,
savia,sessiliflora,
schaefferia,frutescens,
schefflera,actinophylla,
schefflera,gleasonii,
schefflera,kraemeri,
schefflera,morototonii,
schefflera,samoensis,
schinus,molle,
schinus,terebinthifolius,
schizolobium,parahybum,
schleichera,oleosa,
schleinitzia,fosbergii,
schoepfia,arenaria,
schoepfia,obovata,
schoepfia,schreberi,
scyphiphora,hydrophyllacea,
securinega,flexuosa,
semecarpus,kraemeri,
semecarpus,venenosa,
senna,alata,
senna,atomaria,
senna,corymbosa,
senna,gaudichaudii,
senna,multijuga,
senna,pendula,
senna,polyphylla,
senna,septemtrionalis,
senna,siamea,
senna,spectabilis,
senna,spp.,
senna,sulfurea,
senna,surattensis,
sequoia,sempervirens,
sequoiadendron,giganteum,
serianthes,kanehirae,
serianthes,nelsonii,
sesbania,grandiflora,
sesbania,sesban,
shirakiopsis,indica,
sideroxylon,celastrinum,
sideroxylon,cubense,
sideroxylon,foetidissimum,
sideroxylon,laetevirens,
sideroxylon,lanuginosum,
sideroxylon,lycioides,
sideroxylon,obovatum,
sideroxylon,persimile,
sideroxylon,portoricense,
sideroxylon,salicifolium,
sideroxylon,tenax,
simarouba,glauca,
simarouba,spp.,
simarouba,tulae,
siphoneugena,densiflora,
sloanea,amygdalina,
sloanea,berteriana,
sloanea,spp.,
solanum,americanum,
solanum,bahamense,
solanum,donianum,
solanum,erianthum,
solanum,mauritianum,
solanum,nudum,
solanum,polygamum,
solanum,rugosum,
solanum,torvum,
sonneratia,alba,
sophora,affinis,
sophora,chrysophylla,
sophora,secundiflora,
sophora,tomentosa,
sorbus,americana,
sorbus,aucuparia,
sorbus,decora,
soulamea,amara,
spathodea,campanulata,
spiraeanthemum,samoense,
spondias,dulcis,
spondias,mombin,
spondias,pinnata,
spondias,purpurea,
stahlia,monosperma,
stemonurus,ammui,
sterculia,apetala,
sterculia,fanaiho,
sterculia,foetida,
sterculia,palauensis,
sterculia,ponapensis,
stewartia,koreana,
stewartia,malacodendron,
stewartia,ovata,
streblus,anthropophagorum,
streblus,pendulinus,
styphnolobium,japonicum,
styrax,americanus,
styrax,grandifolius,
styrax,portoricensis,
suriana,maritima,
swietenia,macrophylla,
swietenia,mahagoni,
swietenia,spp.,
syagrus,romanzoffiana,
symplocos,lanata,
symplocos,martinicensis,
symplocos,micrantha,
symplocos,racemosa,
syncarpia,glomulifera,
synsepalum,dulcificum,
syringa,reticulata,
syzygium,aqueum,
syzygium,brevifolium,
syzygium,carolinense,
syzygium,clusiifolium,
syzygium,cumini,
syzygium,dealatum,
syzygium,grande,
syzygium,inophylloides,
syzygium,jambos,
syzygium,malaccense,
syzygium,paniculatum,
syzygium,richii,
syzygium,samarangense,
syzygium,samoense,
syzygium,sandwicense,
syzygium,spp.,
syzygium,stelechanthum,
tabebuia,chrysantha,
tabebuia,donnell-smithii,
tabebuia,haemantha,
tabebuia,heterophylla,
tabebuia,pallida,
tabebuia,rigida,
tabebuia,rosea,
tabebuia,schumanniana,
tabernaemontana,aurantiaca,
tabernaemontana,citrifolia,
tabernaemontana,pandacaqui,
tabernaemontana,rotensis,
tamarindus,indica,
tarenna,sambucina,
taxodium,ascendens,
taxodium,distichum,
taxodium,mucronatum,
taxus,baccata,
taxus,brevifolia,
taxus,cuspidata,
taxus,floridana,
tecoma,castanifolia,
tecoma,stans,
tectona,grandis,
terminalia,carolinensis,
terminalia,catappa,
terminalia,crassipes,
terminalia,edulis,
terminalia,ivorensis,
terminalia,kaernbachii,
terminalia,litoralis,
terminalia,myriocarpa,
terminalia,oblonga,
terminalia,richii,
terminalia,samoensis,
terminalia,spp.,
terminalia,superba,
ternstroemia,heptasepala,
ternstroemia,luquillensis,
ternstroemia,peduncularis,
ternstroemia,stahlii,
ternstroemia,subsessilis,
tetragastris,balsamifera,
tetraplasandra,flynnii,
tetraplasandra,gymnocarpa,
tetraplasandra,hawaiensis,
tetraplasandra,kavaiensis,
tetraplasandra,oahuensis,
tetraplasandra,waialealae,
tetraplasandra,waimeae,
tetrazygia,angustifolia,
tetrazygia,bicolor,
tetrazygia,biflora,
tetrazygia,elaeagnoides,
tetrazygia,urbanii,
theobroma,cacao,
thespesia,grandiflora,
thespesia,populnea,
thevetia,peruviana,
thouinia,striata,
thrinax,morrisii,
thrinax,radiata,
thuja,occidentalis,
thuja,plicata,
tibouchina,granulosa,
tilia,americana,
tilia,cordata,
tilia,tomentosa,
timonius,albus,
timonius,corymbosus,
timonius,ledermanii,
timonius,mollis,
timonius,ponapensis,
timonius,spp.,
timonius,subauritus,
timonius,timon,
tipuana,tipu,
toona,ciliata,
toona,spp.,
torralbasia,cuneifolia,
torreya,californica,
torreya,taxifolia,
tournefortia,argentea,
tournefortia,filiflora,
trachycarpus,fortunei,
tree,broadleaf,
tree,evergreen,
tree,unknown,
trema,cannabina,
trema,lamarckianum,
trema,micranthum,
trema,orientalis,
triadica,sebifera,
trichilia,hirta,
trichilia,pallida,
trichilia,triacantha,
trichospermum,ikutai,
trichospermum,ledermannii,
trichospermum,richii,
triphasia,trifolia,
triplaris,cumingiana,
triplaris,spp.,
tristiropsis,obtusangula,
trophis,racemosa,
trukia,carolinensis,
tsuga,canadensis,
tsuga,caroliniana,
tsuga,heterophylla,
tsuga,mertensiana,
turpinia,occidentalis,
ulmus,alata,
ulmus,americana,
ulmus,crassifolia,
ulmus,davidiana,
ulmus,parvifolia,
ulmus,procera,
ulmus,pumila,
ulmus,rubra,
ulmus,serotina,
ulmus,thomasii,
umbellularia,californica,
ungnadia,speciosa,
urera,baccifera,
urera,caracasana,
urera,chlorocarpa,
urera,glabra,
urera,kaalae,
vaccinium,arboreum,
vangueria,madagascariensis,
vavaea,pauciflora,
veitchia,merrillii,
vernicia,fordii,
vernicia,montana,
viburnum,sieboldii,
vitex,agnus-castus,
vitex,cofassus,
vitex,divaricata,
vitex,negundo,
vitex,parviflora,
vitex,trifolia,
wallenia,lamarckiana,
washingtonia,filifera,
washingtonia,robusta,
weinmannia,affinis,
weinmannia,pinnata,
wikstroemia,bicornuta,
wikstroemia,furcata,
wikstroemia,monticola,
wikstroemia,oahuensis,
wikstroemia,phillyreifolia,
wikstroemia,pulcherrima,
wikstroemia,sandwicensis,
wikstroemia,skottsbergiana,
wikstroemia,spp.,
wikstroemia,villosa,
ximenia,americana,
xylocarpus,granatum,
xylocarpus,moluccensis,
xylosma,buxifolia,
xylosma,congestum,
xylosma,crenata,
xylosma,hawaiiensis,
xylosma,nelsonii,
xylosma,pachyphylla,
xylosma,samoensis,
xylosma,schaefferioides,
xylosma,schwaneckeana,
yucca,aloifolia,
yucca,faxoniana,
yucca,gloriosa,
yucca,guatemalensis,
zanthoxylum,bifoliolatum,
zanthoxylum,caribaeum,
zanthoxylum,dipetalum,
zanthoxylum,flavum,
zanthoxylum,hawaiiense,
zanthoxylum,kauaense,
zanthoxylum,martinicense,
zanthoxylum,monophyllum,
zanthoxylum,oahuense,
zanthoxylum,punctatum,
zanthoxylum,spinifex,
zanthoxylum,thomasianum,
zapoteca,portoricensis,
zelkova,serrata,
ziziphus,mauritiana,
ziziphus,reticulata,
ziziphus,rignonii,
ziziphus,taylorii,
