pacific silver fir,abies,amabilis
balsam fir,abies,balsamea
santa lucia,abies,bracteata
bristlecone fir,abies,bracteata
white fir,abies,concolor
fraser fir,abies,fraseri
grand fir,abies,grandis
corkbark fir,abies,lasiocarpa
subalpine fir,abies,lasiocarpa
california red fir,abies,magnifica
noble fir,abies,procera
shasta red fir,abies,shastensis
blackbrush wattle,acacia,anegadensis
mulga,acacia,aneura
auri,acacia,auriculiformis
small philippine acacia,acacia,confusa
silver wattle,acacia,dealbata
green wattle,acacia,decurrens
sweet acacia,acacia,farnesiana
koa,acacia,koa
koaoha,acacia,koaia
sydney golden wattle,acacia,longifolia
porknut,acacia,macracantha
blackwood,acacia,melanoxylon
spineless wattle,acacia,muricata
gum arabic tree,acacia,nilotica
south wales wattle,acacia,parramattensis
acacia polyacantha,acacia,polyacantha
acacia spp.,acacia,spp.
poponax,acacia,tortuosa
prickly moses,acacia,verticillata
florida maple,acer,barbatum
hedge maple,acer,campestre
vine maple,acer,circinatum
amur maple,acer,ginnala
bigtooth maple,acer,grandidentatum
paperbark maple,acer,griseum
chalk maple,acer,leucoderme
bigleaf maple,acer,macrophyllum
miyabe maple,acer,miyabei
painted maple,acer,mono
boxelder,acer,negundo
black maple,acer,nigrum
japanese maple,acer,palmatum
striped maple,acer,pensylvanicum
norway maple,acer,platanoides
norway maple x shantung maple,acer,platanoides x truncatum
sycamore maple,acer,pseudoplatanus
red maple,acer,rubrum
silver maple,acer,saccharinum
sugar maple,acer,saccharum
mountain maple,acer,spicatum
tatarian maple,acer,tataricum
three flower maple,acer,triflorum
freeman maple,acer,x freemanii
hollowheart,acnistus,arborescens
everglades palm,acoelorraphe,wrightii
paurotis-palm,acoelorraphe,wrightii
grugru palm,acrocomia,media
baobab,adansonia,digitata
wild lime,adelia,ricinella
red beadtree,adenanthera,pavonina
caribbean spiritweed,aegiphila,martinicensis
california buckeye,aesculus,californica
yellow buckeye,aesculus,flava
ohio buckeye,aesculus,glabra
texas buckeye,aesculus,glabra
horse chestnut,aesculus,hippocastanum
bottlebrush buckeye,aesculus,parviflora
east african yellowwood,afrocarpus,gracilior
kauri,agathis,australis
queensland kauri,agathis,robusta
titimel,aglaia,mariannensis
karasyu,aglaia,ponapensis
marasau,aglaia,ponapensis
laga ali,aglaia,samoensis
aidia racemosa,aidia,racemosa
ailanthus,ailanthus,altissima
aiphanes minima,aiphanes,minima
cream albizia,albizia,adinocephala
naked albizia,albizia,carbonaria
chinese albizia,albizia,chinensis
mimosa,albizia,julibrissin
silktree,albizia,julibrissin
woman's tongue,albizia,lebbeck
tall albizia,albizia,procera
ukall ra ngebard,albizia,retusa
whiteflower albizia,albizia,saponaria
achiotillo,alchornea,latifolia
palo de gallina,alchorneopsis,floribunda
hawaii alectryon,alectryon,macrococcus
indian walnut,aleurites,moluccana
lumbang,aleurites,trisperma
palo blanco,allophylus,crassinervis
palo de caja,allophylus,racemosus
ebeludes,allophylus,timorensis
italian alder,alnus,cordata
european alder,alnus,glutinosa
gray alder,alnus,incana
nepal alder,alnus,nepalensis
arizona alder,alnus,oblongifolia
white alder,alnus,rhombifolia
red alder,alnus,rubra
green alder,alnus,viridis
chelebiob,alphitonia,carolinensis
elebiong,alphitonia,carolinensis
hawaii kauilatree,alphitonia,ponderosa
toi,alphitonia,zizyphoides
helecho gigante de la sierra,alsophila,bryophila
alsophila portoricensis,alsophila,portoricensis
deviltree,alstonia,macrophylla
alstonia pacifica,alstonia,pacifica
common serviceberry,amelanchier,arborea
allegheny serviceberry,amelanchier,laevis
roundleaf serviceberry,amelanchier,sanguinea
serviceberry spp.,amelanchier,spp.
black calabash,amphitecna,latifolia
balsam torchwood,amyris,balsamifera
sea torchwood,amyris,elemifera
cashew,anacardium,occidentale
anacardium,anacardium,spp.
anacolosa glochidiiformis,anacolosa,glochidiiformis
anacolosa insularis,anacolosa,insularis
anadenanthera peregrina,anadenanthera,peregrina
cabbagebark tree,andira,inermis
canelillo,aniba,bracteata
annona cherimola,annona,cherimola
ilama,annona,diversifolia
pond-apple,annona,glabra
mountain soursop,annona,montana
soursop,annona,muricata
custard apple,annona,reticulata
sugar apple,annona,squamosa
antidesma bunius,antidesma,bunius
kapua china laurel,antidesma,kapuae
antidesma kusaiense,antidesma,kusaiense
ha a,antidesma,platyphyllum
hame,antidesma,pulvinatum
placa chiquitu,antirhea,acutata
pegwood,antirhea,coriacea
antirhea inconspicua,antirhea,inconspicua
palo iloron,antirhea,lucida
quina roja,antirhea,obtusifolia
puerto rico quina,antirhea,portoricensis
sintenis' quina,antirhea,sintenisii
japanese angelica tree,aralia,elata
parana pine,araucaria,angustifolia
new caledonia pine,araucaria,columnaris
norfolk island pine,araucaria,heterophylla
arizona madrone,arbutus,arizonica
pacific madrone,arbutus,menziesii
texas madrone,arbutus,xalapensis
alexandra palm,archontophoenix,alexandrae
bangalow palm,archontophoenix,cunninghamiana
shoebutton,ardisia,elliptica
ausubon,ardisia,glauciflora
mountain marlberry,ardisia,luquillensis
guadeloupe marlberry,ardisia,obovata
china-shrub,ardisia,solanacea
betelnut,areca,catechu
cabo-negro,arenga,pinnata
breadfruit,artocarpus,altilis
artocarpus heterophyllus,artocarpus,heterophyllus
dugdug,artocarpus,mariannensis
marianas breadfruit,artocarpus,mariannensis
artocarpus nobilis,artocarpus,nobilis
marang,artocarpus,odoratissimus
afia,ascarina,diffusa
smallflower pawpaw,asimina,parviflora
pawpaw,asimina,triloba
astronidium kusaianum,astronidium,kusaianum
astronidium navigatorum,astronidium,navigatorum
meskui,astronidium,palauense
astronidium pickeringii,astronidium,pickeringii
astronidium samoense,astronidium,samoense
astronidium subcordata,astronidium,subcordata
ifi ifi,atuna,racemosa
bilimbi,averrhoa,bilimbi
carambola,averrhoa,carambola
black-mangrove,avicennia,germinans
avicennia marina,avicennia,marina
neem,azadirachta,indica
eastern baccharis,baccharis,halimifolia
peach palm,bactris,gasipaes
ralm,badusa,palauensis
puerto rico palo de ramon,banara,portoricensis
vanderbilt's palo de ramon,banara,vanderbiltii
sea putat,barringtonia,asiatica
langaasag,barringtonia,racemosa
falaga,barringtonia,samoensis
bastardiopsis eggersii,bastardiopsis,eggersii
texasplume,bauhinia,lunarioides
napoleon's plume,bauhinia,monandra
petite flamboyant bauhinia,bauhinia,multinervia
railroadfence,bauhinia,pauletia
butterfly tree,bauhinia,purpurea
st. thomas tree,bauhinia,tomentosa
mountain ebony,bauhinia,variegata
bauhinia,bauhinia,x blakeana
slugwood,beilschmiedia,pendula
caribbean myrtlecroton,bernardia,dichotoma
yellow birch,betula,alleghaniensis
sweet birch,betula,lenta
resin birch,betula,neoalaskana
river birch,betula,nigra
water birch,betula,occidentalis
paper birch,betula,papyrifera
european white birch,betula,pendula
asian white birch,betula,platyphylla
gray birch,betula,populifolia
downy birch,betula,pubescens
virginia roundleaf birch,betula,uber
northwestern paper birch,betula,x utahensis
javanese bishopwood,bischofia,javanica
lipsticktree,bixa,orellana
akee,blighia,sapida
akupa,bobea,brevipes
ahakea lau nui,bobea,elatior
hawaii dogweed,bobea,sandwicensis
ahakea,bobea,timonioides
parrotweed,bocconia,frutescens
virgata,boehmeria,virgata
white alling,bontia,daphnoides
bourreria radula,bourreria,radula
bodywood,bourreria,succulenta
roble de guayo,bourreria,virgata
pink flame tree,brachychiton,discolor
whiteflower kurrajong,brachychiton,populneum
paper mulberry,broussonetia,papyrifera
angels-trumpet,brugmansia,candida
oriental mangrove,bruguiera,gymnorhiza
smallflower bruguiera,bruguiera,parviflora
west indian sumac,brunellia,comocladiifolia
american brunfelsia,brunfelsia,americana
serpentine hill raintree,brunfelsia,densifolia
vega blanca,brunfelsia,lactea
puerto rico raintree,brunfelsia,portoricensis
deuachel,buchanania,palawensis
fourleaf buchenavia,buchenavia,tetraphylla
gregorywood,bucida,buceras
cafe falso,bunchosia,glandulifera
cafe forastero,bunchosia,glandulosa
bunchosia polystachia,bunchosia,polystachia
burckella richii,burckella,richii
gumbo limbo,bursera,simaruba
south american jelly palm,butia,capitata
buxus laevigata,buxus,laevigata
common box,buxus,sempervirens
vahl's box,buxus,vahlii
maricao cimun,byrsonima,crassifolia
long key locustberry,byrsonima,lucida
doncella,byrsonima,spicata
almendrillo,byrsonima,wadsworthii
divi divi,caesalpinia,coriaria
uhiuhi,caesalpinia,kavaiensis
pride-of-barbados,caesalpinia,pulcherrima
sappanwood,caesalpinia,sappan
nicker,caesalpinia,spp.
surinamese stickpea,calliandra,surinamensis
caparosa,callicarpa,ampla
crimson bottlebrush,callistemon,citrinus
weeping bottlebrush,callistemon,viminalis
callitris columellaris,callitris,columellaris
incense-cedar,calocedrus,decurrens
antilles calophyllum,calophyllum,antillanum
alexandrian laurel,calophyllum,inophyllum
tamanu,calophyllum,neo-ebudicum
olebtaches,calophyllum,soulattri
roostertree,calotropis,procera
degame,calycophyllum,candidissimum
kiaerskov's lidflower,calyptranthes,kiaerskovii
limoncillo,calyptranthes,krugii
luquillo forest lidflower,calyptranthes,luquillensis
pale lidflower,calyptranthes,pallens
puerto rico lidflower,calyptranthes,portoricensis
limoncillo de monte,calyptranthes,sintenisii
thomas' lidflower,calyptranthes,thomasiana
myrtle of the river,calyptranthes,zuzygium
puerto rico manac,calyptronoma,rivalis
camellia,camellia,japonica
tea,camellia,sinensis
kelela charm,campnosperma,brevipetiolatum
kiu,campnosperma,brevipetiolatum
ilang-ilang,cananga,odorata
mesecheues,canarium,hirsutum
lukerr,canarium,indicum
mafoa,canarium,mafoa
pili nut,canarium,ovatum
maali,canarium,vitiense
canarium vulgare,canarium,vulgare
wild cinnamon,canella,winteriana
burro blanco,capparis,amplissima
caper,capparis,baducca
jamaican caper,capparis,cynophallophora
falseteeth,capparis,flexuosa
broadleaf caper,capparis,hastata
linguam,capparis,indica
siberian peashrub,caragana,arborescens
crabwood,carapa,guianensis
papaya,carica,papaya
scorpionbush,carmona,retusa
european hornbeam,carpinus,betulus
american hornbeam,carpinus,caroliniana
musclewood,carpinus,caroliniana
mockernut hickory,carya,alba
water hickory,carya,aquatica
southern shagbark hickory,carya,carolinae-septentrionalis
bitternut hickory,carya,cordiformis
scrub hickory,carya,floridana
pignut hickory,carya,glabra
pecan,carya,illinoinensis
shellbark hickory,carya,laciniosa
nutmeg hickory,carya,myristiciformis
red hickory,carya,ovalis
shagbark hickory,carya,ovata
sand hickory,carya,pallida
black hickory,carya,texana
fish tail palm,caryota,mitis
fishtail palm,caryota,urens
rabo de ranton,casearia,aculeata
gia verde,casearia,arborea
keuert,casearia,cauliflora
wild honeytree,casearia,decandra
guyanese wild coffee,casearia,guianensis
crackopen,casearia,sylvestris
golden shower,cassia,fistula
pink shower,cassia,grandis
apple blossom,cassia,javanica
gold medallion tree,cassia,leptophylla
marbletree,cassine,xylocarpa
goatwood,cassipourea,guianensis
japanese chestnut,castanea,crenata
american chestnut,castanea,dentata
chinese chestnut,castanea,mollissima
allegheny chinkapin,castanea,pumila
ozark chinkapin,castanea,pumila
european chestnut,castanea,sativa
goatbush,castela,erecta
panama rubbertree,castilla,elastica
river sheoak,casuarina,cunninghamiana
beach sheoak,casuarina,equisetifolia
gray sheoak,casuarina,glauca
belah,casuarina,lepidophloia
gagu,casuarina,litorea
australian pine,casuarina,litorea
southern catalpa,catalpa,bignonioides
haitian catalpa,catalpa,longissima
chinese catalpa,catalpa,ovata
northern catalpa,catalpa,speciosa
trumpet tree,cecropia,obtusifolia
pumpwood,cecropia,schreberiana
spanish cedar,cedrela,odorata
atlas cedar,cedrus,atlantica
deodar cedar,cedrus,deodara
cedar of lebanon,cedrus,libani
kapoktree,ceiba,pentandra
sugarberry,celtis,laevigata
hackberry,celtis,occidentalis
celtis paniculata,celtis,paniculata
chinese hackberry,celtis,sinensis
almex,celtis,trinervia
st. john's bread,ceratonia,siliqua
emeridech,cerbera,floribunda
leva,cerbera,manghas
chiute,cerbera,odollam
katsura tree,cercidiphyllum,japonicum
eastern redbud,cercis,canadensis
california redbud,cercis,orbiculata
curlleaf mountain-mahogany,cercocarpus,ledifolius
lady of the night cactus,cereus,hexagonus
cereus hildmannianus,cereus,hildmannianus
orange jessamine,cestrum,aurantiacum
day jessamine,cestrum,diurnum
galen del monte,cestrum,laurifolium
night jessamine,cestrum,nocturnum
port-orford-cedar,chamaecyparis,lawsoniana
alaska yellow-cedar,chamaecyparis,nootkatensis
hinoki false cypress,chamaecyparis,obtusa
sawara-cypress,chamaecyparis,pisifera
atlantic white-cedar,chamaecyparis,thyoides
european fan palm,chamaerops,humilis
jointed sandmat,chamaesyce,articulata
koko,chamaesyce,atrococca
ekoko,chamaesyce,celastroides
herbsts sandmat,chamaesyce,herbstii
kokomalei,chamaesyce,kuwaleana
alpine sandmat,chamaesyce,olowaluana
koolau range sandmat,chamaesyce,rockii
napali coast papala,charpentiera,densiflora
ellipticleaf papala,charpentiera,elliptica
broadleaf papala,charpentiera,obovata
koolau range papala,charpentiera,ovata
waianae range papala,charpentiera,tomentosa
domins club,cheirodendron,dominii
fauries club,cheirodendron,fauriei
olapa,cheirodendron,forbesii
lapalapa,cheirodendron,platyphyllum
olapalapa,cheirodendron,trigynum
alaweo,chenopodium,oahuense
hueso,chionanthus,axilliflorus
bridgotree,chionanthus,compactus
white rosewood,chionanthus,domingensis
hueso prieto,chionanthus,holdridgei
cabra blanca,chionanthus,ligustrinus
chinese fringetree,chionanthus,retusus
puntaj jayuya,chione,seminervis
fatpork,chione,venosa
african teak,chlorophora,excelsa
silk-floss tree,chorisia,speciosa
icaco coco plum,chrysobalanus,icaco
giant chinkapin,chrysolepis,chrysophylla
golden chinkapin,chrysolepis,chrysophylla
bastard redwood,chrysophyllum,argenteum
star apple,chrysophyllum,cainito
satinleaf,chrysophyllum,oliviforme
camito de perro,chrysophyllum,pauciflorum
chamissos manfern,cibotium,chamissoi
hapuu,cibotium,glaucum
hawaiian tree fern,cibotium,heleniae
hapuu li,cibotium,menziesii
manfern,cibotium,spp.
quinine,cinchona,pubescens
cassia,cinnamomum,aromaticum
padang cassia,cinnamomum,burmannii
camphortree,cinnamomum,camphora
laurel avispillo,cinnamomum,elongatum
avispillo,cinnamomum,montanum
matieu,cinnamomum,sessilifolium
cinnamon,cinnamomum,verum
juniper berry,citharexylum,caudatum
spiny fiddlewood,citharexylum,spinosum
lime (tipolo),citrus,aurantifolia
limon china,citrus,hystrix
kahet,citrus,macroptera
wild orange,citrus,macroptera
citrus maxima,citrus,maxima
citrus medica,citrus,medica
calamondin,citrus,mitis
kingkang,citrus,mitis
citrus reticulata,citrus,reticulata
citrus spp.,citrus,spp.
key lime,citrus,xaurantiifolia
sour orange,citrus,xaurantium
lemon,citrus,xlimon
grapefruit,citrus,xparadisi
sweet orange,citrus,xsinensis
koee,claoxylon,carolinianum
claoxylon fallax,claoxylon,fallax
claoxylon longiracemosum,claoxylon,longiracemosum
katteknau,claoxylon,marianum
katot,claoxylon,marianum
poola,claoxylon,sandwicense
cleistanthus carolinianus,cleistanthus,carolinianus
cleistanthus insularis,cleistanthus,insularis
oha wai nui,clermontia,arborescens
kauai clermontia,clermontia,clermontioides
kohala mountain clermontia,clermontia,drepanomorpha
haha aiakamanu,clermontia,fauriei
bog clermontia,clermontia,grandiflora
oha kepau,clermontia,hawaiiensis
forest clermontia,clermontia,kakeana
waipio valley clermontia,clermontia,kohalae
oha wai nui clermontia,clermontia,leptoclada
hillside clermontia,clermontia,lindseyana
maui clermontia,clermontia,micrantha
mauna loa clermontia,clermontia,montis-loa
oahu clermontia,clermontia,oblongifolia
wailai pali clermontia,clermontia,pallida
smallflower clermontia,clermontia,parviflora
pele clermontia,clermontia,peleana
waioiani clermontia,clermontia,persicifolia
hamakua clermontia,clermontia,pyrularia
clermontia singuliflora,clermontia,singuliflora
clermontia,clermontia,spp.
haleakala clermontia,clermontia,tuberculata
swampforest clermontia,clermontia,waimeae
haggarbush,clerodendrum,aculeatum
rose glorybower,clerodendrum,bungei
natal glorybower,clerodendrum,glabrum
velvetleaf glorybower,clerodendrum,macrostegium
glorybower,clerodendrum,spp.
mountain sweetpepperbush,clethra,acuminata
teta prieta,cleyera,albopunctata
jackass breadnut,clibadium,erosum
clidemia cymosa,clidemia,cymosa
kiniyaw,clinostigma,carolinense
ochop,clinostigma,carolinense
philippine pigeonwings,clitoria,fairchildiana
cupeillo,clusia,clusioides
grundlach's attorney,clusia,gundlachii
cupey de monte,clusia,minor
scotch attorney,clusia,rosea
treadsoftly,cnidoscolus,aconitifolius
uvilla,coccoloba,costata
tietongue,coccoloba,diversifolia
pigeon-plum,coccoloba,diversifolia
whitewood,coccoloba,krugii
puckhout,coccoloba,microstachya
pale seagrape,coccoloba,pallida
grandleaf seagrape,coccoloba,pubescens
uvera,coccoloba,pyrifolia
ortegon,coccoloba,rugosa
uvero de monte,coccoloba,sintenisii
swartz's pigeonplum,coccoloba,swartzii
bahama pigeonplum,coccoloba,tenuifolia
seagrape,coccoloba,uvifera
false chiggergrape,coccoloba,venosa
florida silver palm,coccothrinax,argentata
coccothrinax barbadensis,coccothrinax,barbadensis
silk cottontree,cochlospermum,vitifolium
coconut palm,cocos,nucifera
garden croton,codiaeum,variegatum
arabian coffee,coffea,arabica
coffea liberica,coffea,liberica
robusta coffee,coffea,robusta
cojoba arborea,cojoba,arborea
abata cola,cola,acuminata
uab,colona,scabra
chuchab,colona,scabra
common snakebark,colubrina,arborescens
soldierwood,colubrina,elliptica
kauila,colubrina,oppositifolia
bladder senna,colutea,arborescens
poison ash,comocladia,dodonaea
carrasco,comocladia,glabra
bluewood,condalia,hookeri
buttonwood-mangrove,conocarpus,erectus
luquillo mountain snailwood,conostegia,rufescens
consolea moniliformis,consolea,moniliformis
consolea rubescens,consolea,rubescens
copaiba,copaifera,officinalis
forest mirrorplant,coprosma,foliosa
koi,coprosma,kauensis
oahu mirrorplant,coprosma,longifolia
alpine mirrorplant,coprosma,montana
maui mirrorplant,coprosma,ochracea
pubescent mirrorplant,coprosma,pubens
woodland mirrorplant,coprosma,rhynchocarpa
mirrorplant,coprosma,spp.
olena,coprosma,waimeae
spanish elm,cordia,alliodora
tou,cordia,aspera
anacahuita texas olive,cordia,boissieri
muneco,cordia,borinquensis
red manjack,cordia,collococca
fragrant manjack,cordia,dichotoma
smooth manjack,cordia,laevigata
cordia micronesica,cordia,micronesica
clammy cherry,cordia,obliqua
san bartolome,cordia,rickseckeri
largeleaf geigertree,cordia,sebestena
kou,cordia,subcordata
mucilage manjack,cordia,sulcata
tiplant,cordyline,fruticosa
cordyline,cordyline,spp.
roughleaf dogwood,cornus,drummondii
flowering dogwood,cornus,florida
kousa dogwood,cornus,kousa
pacific dogwood,cornus,nuttallii
nigua,cornutia,obovata
azulejo,cornutia,pyramidata
turkish hazelnut,corylus,colurna
redgum,corymbia,calophylla
corymbia citriodora,corymbia,citriodora
redflower gum,corymbia,ficifolia
red bloodwood,corymbia,gummifera
karaka nut,corynocarpus,laevigatus
european smoketree,cotinus,coggygria
smoketree,cotinus,obovatus
cannonball tree,couroupita,guianensis
brainerd's hawthorn,crataegus,brainerdii
pear hawthorn,crataegus,calpodendron
fireberry hawthorn,crataegus,chrysocarpa
cockspur hawthorn,crataegus,crus-galli
broadleaf hawthorn,crataegus,dilatata
fanleaf hawthorn,crataegus,flabellata
downy hawthorn,crataegus,mollis
oneseed hawthorn,crataegus,monogyna
scarlet hawthorn,crataegus,pedicellata
hawthorn spp.,crataegus,spp.
fleshy hawthorn,crataegus,succulenta
dwarf hawthorn,crataegus,uniflora
sacred garlic pear,crateva,religiosa
houka,crescentia,alata
calabash,crescentia,alata
common calabash tree,crescentia,cujete
higuerito,crescentia,linearifolia
higuero de sierra,crescentia,portoricensis
critonia portoricensis,critonia,portoricensis
maidenberry,crossopetalum,rhacoma
longbeak rattlebox,crotalaria,longirostrata
wild marrow,croton,astroites
croton flavens,croton,flavens
sabinon,croton,poecilanthus
holio,cryptocarya,mannii
cryptocarya oreophila,cryptocarya,oreophila
japanese cedar,cryptomeria,japonica
storehousebush,cudrania,tricuspidata
chinese fir,cunninghamia,lanceolata
wild ackee,cupania,americana
guara blanca,cupania,triquetra
carrotwood,cupaniopsis,anacardioides
leyland cypress,cupressocyparis,leylandii
arizona cypress,cupressus,arizonica
baker,cupressus,bakeri
modoc cypress,cupressus,bakeri
tecate cypress,cupressus,forbesii
cedar-of-goa,cupressus,lusitanica
macnab's cypress,cupressus,macnabiana
monterey cypress,cupressus,macrocarpa
sargent's cypress,cupressus,sargentii
italian cypress,cupressus,sempervirens
haleakala cyanea,cyanea,aculeatiflora
palmtree cyanea,cyanea,arborea
kauai cyanea,cyanea,fissa
degeners cyanea,cyanea,floribunda
kilauea mauna cyanea,cyanea,giffardii
wetforest cyanea,cyanea,hamatiflora
oahu cyanea,cyanea,hardyi
prickly cyanea,cyanea,horrida
limahuli valley cyanea,cyanea,kuhihewa
kunths cyanea,cyanea,kunthiana
giant kokee cyanea,cyanea,leptostegia
purple cyanea,cyanea,macrostegia
marks cyanea,cyanea,marksii
hairy cyanea,cyanea,pilosa
pohaku cyanea,cyanea,pohaku
molokai cyanea,cyanea,procera
manyfruit cyanea,cyanea,pycnocarpa
oakleaf cyanea,cyanea,quercifolia
plateau delissea,cyanea,rivularis
pua kala,cyanea,solenocalyx
cyanea,cyanea,spp.
kaiholena cyanea,cyanea,stictophylla
mt. kaala cyanea,cyanea,superba
aku aku,cyanea,tritomantha
parrotfeather treefern,cyathea,andina
west indian treefern,cyathea,arborea
coopers cyathea,cyathea,cooperi
jamaican treefern,cyathea,furfuracea
small treefern,cyathea,parvula
helecho gigante,cyathea,tenera
cybianthus sintenisii,cybianthus,sintenisii
queen sago,cycas,circinalis
remiang,cycas,revoluta
ola,cyclophyllum,barbatum
quince,cydonia,oblonga
oreganillo falso,cynometra,portoricensis
gulos,cynometra,ramiflora
eeme,cynometra,yokotae
aapwo,cynometra,yokotae
tree-tomato,cyphomandra,betacea
swamp titi,cyrilla,racemiflora
forest cyrtandra,cyrtandra,giffardii
cyrtandra,cyrtandra,ramosissima
candletree,dacryodes,excelsa
indian rosewood,dalbergia,sissoo
burn nose,daphnopsis,americana
heller's cieneguillo,daphnopsis,helleriana
emajagua de sierra,daphnopsis,philippiana
hawaii delissea,delissea,fallax
cutleaf delissea,delissea,laciniata
niihau delissea,delissea,niihauensis
smallflower delissea,delissea,parviflora
delissea,delissea,spp.
leechleaf delissea,delissea,undulata
royal poinciana,delonix,regia
salato,dendrocnide,harveyi
kahtat,dendrocnide,latifolia
angelica tree,dendropanax,arboreus
palo de vaca,dendropanax,laurifolius
redpalm,dictyosperma,album
chulta,dillenia,indica
shrubby dillenia,dillenia,suffruticosa
dimocarpus longan,dimocarpus,longan
anume,diospyros,elliptica
diospyros ferrea,diospyros,ferrea
elama,diospyros,hillebrandii
persimmon,diospyros,kaki
black apple,diospyros,revoluta
auauli,diospyros,samoensis
lama,diospyros,sandwicensis
chinese persimmon,diospyros,sintenisii
texas persimmon,diospyros,texana
common persimmon,diospyros,virginiana
otot,discocalyx,ponapensis
jaboncillo,ditta,myricoides
florida hopbush,dodonaea,viscosa
rru,dolichandrone,spathacea
ceylon gooseberry,dovyalis,hebecarpa
fragrant dracaena,dracaena,fragrans
dracaena multiflora,dracaena,multiflora
song of india,dracaena,reflexa
cafeillo,drypetes,alba
drypetes carolinensis,drypetes,carolinensis
drypetes dolichocarpa,drypetes,dolichocarpa
varital,drypetes,glauca
rosewood,drypetes,ilicifolia
guiana plum,drypetes,lateriflora
kevert,drypetes,nitida
drypetes yapensis,drypetes,yapensis
mauna kea dubautia,dubautia,arborea
forest dubautia,dubautia,knudsenii
kauai dubautia,dubautia,microcephala
plantainleaf dubautia,dubautia,plantaginea
netvein dubautia,dubautia,reticulata
golden dewdrops,duranta,erecta
durian,durio,zibethinus
areca palm,dypsis,lutescens
maota mea,dysoxylum,huntii
maota,dysoxylum,maota
dysoxylum mollissimum ssp. molle,dysoxylum,mollissimum
mamala,dysoxylum,samoense
blackbead ebony,ebenopsis,ebano
anacua knockaway,ehretia,anacua
russian-olive,elaeagnus,angustifolia
oil nut palm,elaeis,guineensis
kalia,elaeocarpus,bifidus
syatak,elaeocarpus,carolinensis
`a`mati`e,elaeocarpus,floridanus
elaeocarpus graeffei,elaeocarpus,graeffei
sapatua,elaeocarpus,grandis
joga,elaeocarpus,joga
elaeocarpus kerstingianus,elaeocarpus,kerstingianus
kosrae elaeocarpus,elaeocarpus,kusaiensis
maratte,elaeocarpus,kusanoi
opop,elaeocarpus,kusanoi
aamatie,elaeocarpus,tonganus
elaeocarpus,elaeocarpus,ulianus
elaeocarpa,endiandra,elaeocarpa
monkeysoap,enterolobium,cyclocarpum
bronze loquat,eriobotrya,deflexa
loquat,eriobotrya,japonica
blacktorch,erithalis,fruticosa
machete,erythrina,berteriana
coral erythrina,erythrina,corallodendron
naked coral tree,erythrina,coralloides
crybabytree,erythrina,crista-galli
cock's spur,erythrina,eggersii
bucayo,erythrina,fusca
mountain immortelle,erythrina,poeppigiana
wili wili,erythrina,sandwicensis
gatae palagi,erythrina,subumbrans
tiger's claw,erythrina,variegata
acuminatissimum,erythrospermum,acuminatissimum
swamp-redwood,erythroxylum,areolatum
ratwood,erythroxylum,rotundifolium
rufous false cocaine,erythroxylum,rufum
urban's false cocaine,erythroxylum,urbanii
southern mahogany,eucalyptus,botryoides
applebox,eucalyptus,bridgesiana
river redgum,eucalyptus,camaldulensis
argyle apple,eucalyptus,cinerea
sugargum,eucalyptus,cladocalyx
silver-dollar eucalyptus,eucalyptus,cordata
yate,eucalyptus,cornuta
narrowleaf red ironbark,eucalyptus,crebra
roundleaf gum,eucalyptus,deanei
indonesian gum,eucalyptus,deglupta
tasmanian bluegum,eucalyptus,globulus
tuart,eucalyptus,gomphocephala
mountain graygum,eucalyptus,goniocalyx
grand eucalyptus,eucalyptus,grandis
white box,eucalyptus,hemiphloia
white ironbark,eucalyptus,leucoxylon
spotted gum,eucalyptus,maculata
jarrah,eucalyptus,marginata
australian tallowwood,eucalyptus,microcorys
gray ironbark,eucalyptus,paniculata
blackbutt,eucalyptus,pilularis
redbox,eucalyptus,polyanthemos
black ironbox,eucalyptus,raveretiana
redmahogany,eucalyptus,resinifera
swampmahogany,eucalyptus,robusta
western australian floodedgum,eucalyptus,rudis
black peppermint,eucalyptus,salicifolia
sydney bluegum,eucalyptus,saligna
red ironbark,eucalyptus,sideroxylon
eucalyptus spp.,eucalyptus,spp.
forest redgum,eucalyptus,tereticornis
manna gum,eucalyptus,viminalis
white stopper,eugenia,axillaris
blackrodwood,eugenia,biflora
sierra de cayey stopper,eugenia,boqueronensis
guayabota de sierra,eugenia,borinquensis
cloves,eugenia,caryophyllus
redberry stopper,eugenia,confusa
lathberry,eugenia,cordata
sperry guava,eugenia,corozalensis
serrette guave,eugenia,domingensis
guasabara,eugenia,eggersii
smooth rodwood,eugenia,glabrata
luquillo mountain stopper,eugenia,haematocarpa
nioi,eugenia,koolauensis
privet stopper,eugenia,ligustrina
birdcherry,eugenia,monticola
eugenia nitida,eugenia,nitida
orenged,eugenia,palauensis
agatelang,eugenia,palumbis
rockmyrtle,eugenia,procera
christmas cherry,eugenia,pseudopsidium
mountain stopper,eugenia,reinwardtiana
red stopper,eugenia,rhombea
serrasuela,eugenia,serrasuela
sessileleaf stopper,eugenia,sessiliflora
stopper,eugenia,spp.
stahl's stopper,eugenia,stahlii
stewardson's stopper,eugenia,stewardsonii
rebotel,eugenia,suzukii
atoto,eugenia,thompsonii
underwood's stopper,eugenia,underwoodii
surinam cherry,eugenia,uniflora
aridland stopper,eugenia,xerophytica
euodia hortensis,euodia,hortensis
kertub,euodia,nitida
beror,euodia,palawensis
euodia ponapensis,euodia,ponapensis
euodia trichantha,euodia,trichantha
mexican shrubby spurge,euphorbia,cotinifolia
kauai spurge,euphorbia,haeleeleana
mottled spurge,euphorbia,lactea
indian spurgetree,euphorbia,neriifolia
manchineel berry,euphorbia,petiolaris
poinsettia,euphorbia,pulcherrima
spurge,euphorbia,spp.
indiantree spurge,euphorbia,tirucalli
anini,eurya,sandwicensis
blinding tree,excoecaria,agallocha
hulumoa,exocarpos,gaudichaudii
kotop,exorrhiza,ponapensis
caribbean princewood,exostema,caribaeum
plateado,exostema,ellipticum
exostema sanctae-luciae,exostema,sanctae-luciae
butterbough,exothea,paniculata
pualulu,fagraea,berteroana
ksid,fagraea,ksid
american beech,fagus,grandifolia
european beech,fagus,sylvatica
peacocksplume,falcataria,moluccana
other palms,family arecaceae,not listed above
false coffee,faramea,occidentalis
feijoa,feijoa,sellowiana
jamaican cherry fig,ficus,americana
florida strangler fig,ficus,aurea
roxburgh fig,ficus,auriculata
indian banyan,ficus,benghalensis
weeping fig,ficus,benjamina
edible fig,ficus,carica
wild banyantree,ficus,citrifolia
shortleaf fig,ficus,citrifolia
ficus copiosa,ficus,copiosa
brown-woolly fig,ficus,drupacea
indian rubberplant,ficus,elastica
ficus lutea,ficus,lutea
fiddleleaf fig,ficus,lyrata
tibig,ficus,nota
amate,ficus,obtusifolia
peepul tree,ficus,religiosa
port jackson fig,ficus,rubiginosa
lulk,ficus,saffordii
banyan,ficus,saffordii
mati vao,ficus,scabra
fig,ficus,spp.
jaguey,ficus,stahlii
sycamore fig,ficus,sycomorus
jaguey blanco,ficus,trigonata
higo,ficus,virens
finschia chloroxantha,finschia,chloroxantha
chinese parasoltree,firmiana,simplex
burrdaisytree,fitchia,speciosa
governor's plum,flacourtia,indica
batoko plum,flacourtia,inermis
filimoto,flacourtia,rukam
queensland maple,flindersia,brayleyana
flueggea acidoton,flueggea,acidoton
mehamehame,flueggea,neowawraea
inkbush,forestiera,eggersiana
caca ravet,forestiera,rhamnifolia
florida swampprivet,forestiera,segregata
oval kumquat,fortunella,margarita
west indian buckthorn,frangula,sphaerosperma
franklin tree,franklinia,alatamaha
white ash,fraxinus,americana
berlandier ash,fraxinus,berlandieriana
carolina ash,fraxinus,caroliniana
european ash,fraxinus,excelsior
oregon ash,fraxinus,latifolia
black ash,fraxinus,nigra
caucasian ash,fraxinus,oxycarpa
green ash,fraxinus,pennsylvanica
pumpkin ash,fraxinus,profunda
blue ash,fraxinus,quadrangulata
texas ash,fraxinus,texensis
shamel ash,fraxinus,uhdei
velvet ash,fraxinus,velutina
bolivian fuchsia,fuchsia,boliviana
shrubby fuchsia,fuchsia,paniculata
silkrubber,funtumia,elastica
gourka,garcinia,dulcis
lemon saptree,garcinia,hessii
mangosteen,garcinia,mangostana
konpuil,garcinia,ponapensis
palo de cruz,garcinia,portoricensis
garcinia quadrilocularis,garcinia,quadrilocularis
garcinia xanthochymus,garcinia,xanthochymus
forest gardenia,gardenia,brighamii
oahu gardenia,gardenia,mannii
remys gardenia,gardenia,remyi
gardenia,gardenia,spp.
tahitian gardenia,gardenia,taitensis
manuai vivao,garuga,floribunda
llume,gaussia,attenuata
taipoipo,geniostoma,rupestre
jagua,genipa,americana
arbol de navidad,gesneria,pedunculosa
ginkgo,ginkgo,biloba
maidenhair tree,ginkgo,biloba
bastard gregre,ginoria,rohrii
gironniera celtidifolia,gironniera,celtidifolia
waterlocust,gleditsia,aquatica
honeylocust,gleditsia,triacanthos
quickstick,gliricidia,sepium
masame,glochidion,cuspidatum
glochidion kanehirae,glochidion,kanehirae
glochidion marianum,glochidion,marianum
glochidion,glochidion,spp.
flower axistree,glycosmis,parviflora
belau,gmelina,elliptica
blacheos,gmelina,palawensis
gnetum gnemon,gnetum,gnemon
mata buey,goetzea,elegans
grand merisier,gomidesia,lindeniana
goniothalamus carolinensis,goniothalamus,carolinensis
loblolly-bay,gordonia,lasianthus
creole cotton,gossypium,barbadense
gossypium hirsutum,gossypium,hirsutum
graffenrieda ottoschulzii,graffenrieda,ottoschulzii
kahiliflower,grevillea,banksii
silkoak,grevillea,robusta
lignum-vitae,guaiacum,officinale
holywood,guaiacum,sanctum
paipai,guamia,mariannae
beeftree,guapira,discolor
longleaf blolly,guapira,discolor
black mampoo,guapira,fragrans
corcho prieto,guapira,obtusata
alligatorwood,guarea,glabra
american muskwood,guarea,guidonia
haya minga,guatteria,blainii
haya blanca,guatteria,caribaea
bastardcedar,guazuma,ulmifolia
hammock velvetseed,guettarda,elliptica
frogwood,guettarda,krugii
cucubano de vieques,guettarda,odorata
cucubano,guettarda,ovalifolia
roseta,guettarda,pungens
wild guave,guettarda,scabra
puapua,guettarda,speciosa
cucubano de monte,guettarda,valenzuelana
rhoifolia,guioa,rhoifolia
bochela uchererak,gulubia,palauensis
uch,gulubia,palauensis
west indian false box,gyminda,latifolia
oysterwood,gymnanthes,lucida
kentucky coffeetree,gymnocladus,dioicus
vilivili,gyrocarpus,americanus
bloodwoodtree,haematoxylum,campechianum
palo de hueso,haenianthus,salicifolius
carolina silverbell,halesia,carolina
two-wing silverbell,halesia,diptera
mountain silverbell,halesia,tetraptera
scarletbush,hamelia,patens
haplolobus floribundus,haplolobus,floribundus
south african wild plum,harpephyllum,caffrum
fa`aili,harpullia,arborea
haujillo,havardia,pallens
false locust,hebestigma,cubense
denticulata,hedycarya,denticulata
cigarbush,hedyosmum,arborescens
fosbergs starviolet,hedyotis,fosbergii
manono,hedyotis,hillebrandii
starviolet,hedyotis,spp.
variable starviolet,hedyotis,terminalis
screwtree,helicteres,jamaicensis
white moho,heliocarpus,popayanensis
camasey peludo,henriettea,fascicularis
macfadyen's camasey,henriettea,macfadyenii
thinleaf camasey,henriettea,membranifolia
jusillo,henriettea,squamulosum
ufa,heritiera,littoralis
ufa halemtano,heritiera,longipetiolata
hernandia labyrinthica,hernandia,labyrinthica
pipi,hernandia,moerenhoutiana
pua,hernandia,nymphaeifolia
chinese lantern tree,hernandia,nymphaeifolia
hernandia ovigera,hernandia,ovigera
mago,hernandia,sonora
lanai island-aster,hesperomannia,arborescens
maui island-aster,hesperomannia,arbuscula
kauai island-aster,hesperomannia,lydgatei
toyon,heteromeles,arbutifolia
palma brava,heterospathe,elata
para rubber tree,hevea,brasiliensis
lava hau kuahiwi,hibiscadelphus,crucibracteatus
kauai hau kuahiwi,hibiscadelphus,distans
kilauea hau kuahiwi,hibiscadelphus,giffardianus
hualalai hau kuahiwi,hibiscadelphus,hualalaiensis
maui hau kuahiwi,hibiscadelphus,wilderianus
woods hau kuahiwi,hibiscadelphus,woodii
white rosemallow,hibiscus,arnottianus
brackenridges rosemallow,hibiscus,brackenridgei
lemonyellow rosemallow,hibiscus,calyphyllus
red kauai rosemallow,hibiscus,clayi
mahoe,hibiscus,elatus
red rosemallow,hibiscus,kokio
largeleaf rosemallow,hibiscus,macrophyllus
dixie rosemallow,hibiscus,mutabilis
seaside mahoe,hibiscus,pernambucensis
shoeblackplant,hibiscus,rosa-sinensis
sea hibiscus,hibiscus,tiliaceus
white kauai rosemallow,hibiscus,waimeae
manchineel,hippomane,mancinella
teta de burra cinarron,hirtella,rugosa
pigeonberry,hirtella,triandra
white cogwood,homalium,racemosum
homalium whitmeeanum,homalium,whitmeeanum
chemeklachel,horsfieldia,amklaal
eumail,horsfieldia,amklaal
ersachel,horsfieldia,novoguineensis
horsfieldia nunu,horsfieldia,nunu
chersachel,horsfieldia,palauensis
japanese raisintree,hovenia,dulcis
sentrypalm,howeia,forsteriana
sandbox tree,hura,crepitans
cedro macho,hyeronima,clusioides
west indian locust,hymenaea,courbaril
brazilian cherry,hymenaea,courbaril
stinkingtoe,hymenaea,courbaril
limestone snakevine,hyperbaena,laurifolia
hawaii holly,ilex,anomala
english holly,ilex,aquifolium
dahoon,ilex,cassine
te,ilex,cookii
maconcona,ilex,guianensis
caribbean holly,ilex,macfadyenii
puerto rico holly,ilex,nitida
american holly,ilex,opaca
mate,ilex,paraguariensis
gongolin,ilex,sideroxyloides
sintenis' holly,ilex,sintenisii
urban's holly,ilex,urbaniana
yaupon,ilex,vomitoria
ice cream bean,inga,edulis
sacky sac bean,inga,laurina
inga nobilis,inga,nobilis
inga,inga,spp.
river koko,inga,vera
ifi,inocarpus,fagifer
ifilele,intsia,bijuga
palo de hierro,ixora,ferrea
white jungleflame,ixora,thwaitesii
black poui,jacaranda,mimosifolia
braceletwood,jacquinia,armillaris
bois bande,jacquinia,berteroi
barbados nut,jatropha,curcas
wild oilnut,jatropha,hernandiifolia
coralbush,jatropha,multifida
southern california black walnut,juglans,californica
butternut,juglans,cinerea
northern california black walnut,juglans,hindsii
west indian walnut,juglans,jamaicensis
arizona walnut,juglans,major
texas walnut,juglans,microcarpa
black walnut,juglans,nigra
english walnut,juglans,regia
ashe juniper,juniperus,ashei
california juniper,juniperus,californica
chinese juniper,juniperus,chinensis
redberry juniper,juniperus,coahuilensis
alligator juniper,juniperus,deppeana
drooping juniper,juniperus,flaccida
oneseed juniper,juniperus,monosperma
western juniper,juniperus,occidentalis
utah juniper,juniperus,osteosperma
pinchot juniper,juniperus,pinchotii
rocky mountain juniper,juniperus,scopulorum
southern redcedar,juniperus,virginiana
eastern redcedar,juniperus,virginiana
ketoguit,kayea,pacifica
khaya anthotheca,khaya,anthotheca
senegal mahogany,khaya,senegalensis
kigelia africana,kigelia,africana
guest tree,kleinhovia,hospita
molokai treecotton,kokia,cookei
hawaii treecotton,kokia,drynarioides
kauai treecotton,kokia,kauaiensis
wailupe valley treecotton,kokia,lanceolata
leadwood,krugiodendron,ferreum
burgan,kunzea,ericoides
summit labordia,labordia,fagraeoidea
bog labordia,labordia,hedyosmifolia
mountain labordia,labordia,hirtella
waianae range labordia,labordia,kaalae
wahiawa mountain labordia,labordia,lydgatei
labordia,labordia,spp.
paleflower labordia,labordia,tinifolia
lanai labordia,labordia,triflora
nevada peavine,labordia,waiolani
golden chain tree,laburnum,anagyroides
cuero de rana,laetia,procera
crapemyrtle,lagerstroemia,indica
pride of india,lagerstroemia,speciosa
white-mangrove,laguncularia,racemosa
langsat,lansium,domesticum
nino de cota,laplacea,portoricensis
european larch,larix,decidua
japanese larch,larix,kaempferi
tamarack (native),larix,laricina
subalpine larch,larix,lyallii
western larch,larix,occidentalis
siberian larch,larix,sibirica
larch spp.,larix,spp.
bluelatan,latania,loddigesii
henna,lawsonia,inermis
krug's roughleaf,leandra,krugiana
pitahaya,leptocereus,quadricostatus
large-leaf yellow teatree,leptospermum,morrisonii
broom teatree,leptospermum,scoparium
teatree,leptospermum,spp.
white leadtree,leucaena,leucocephala
great leucaene,leucaena,pulverulenta
littleleaf leadtree,leucaena,retusa
maria laurel,licaria,brittoniana
puerto rico cinnamon,licaria,parvifolia
pepperleaf sweetwood,licaria,triandra
japanese privet,ligustrum,japonicum
glossy privet,ligustrum,lucidum
california privet,ligustrum,ovalifolium
oriental sweetgum,liquidambar,orientalis
sweetgum,liquidambar,styraciflua
yellow-poplar,liriodendron,tulipifera
lychee,litchi,chinensis
tanoak,lithocarpus,densiflorus
papaono,litsea,samoensis
fountain palm,livistona,chinensis
geno geno,lonchocarpus,domingensis
geno,lonchocarpus,glaucifolius
broadleaf lancepod,lonchocarpus,heptaphyllus
vinegartree,lophostemon,confertus
luehea,luehea,speciosa
bakauaine,lumnitzera,littorea
nana,lumnitzera,littorea
lunania ekmanii,lunania,ekmanii
st. thomas staggerbush,lyonia,rubiginosa
false tamarind,lysiloma,latisiliquum
macadamia nut tree,macadamia,integrifolia
macadamia nut,macadamia,tetraphylla
bedel,macaranga,carolinensis
macaranga grayana,macaranga,grayana
lau pata,macaranga,harveyana
lau fatu,macaranga,stipulosa
parasol leaf tree,macaranga,tanarius
macaranga thompsonii,macaranga,thompsonii
palo de hoz,machaerium,lunatum
puerto rico alfilerillo,machaonia,portoricensis
osage-orange,maclura,pomifera
maclura tinctoria,maclura,tinctoria
umbrella-tree,maesopsis,eminii
cucumbertree,magnolia,acuminata
mountain,magnolia,fraseri
fraser magnolia,magnolia,fraseri
southern magnolia,magnolia,grandiflora
bigleaf magnolia,magnolia,macrophylla
puerto rico magnolia,magnolia,portoricensis
pyramid magnolia,magnolia,pyramidata
oyama magnolia,magnolia,sieboldii
laurel magnolia,magnolia,splendens
star magnolia,magnolia,stellata
umbrella magnolia,magnolia,tripetala
sweetbay,magnolia,virginiana
chinese magnolia,magnolia,x soulangiana
kamala tree,mallotus,philippensis
mallotus tiliifolius,mallotus,tiliifolius
barbados cherry,malpighia,emarginata
palo bronco,malpighia,fucata
wild crapemyrtle,malpighia,glabra
cowhage cherry,malpighia,infestissima
bastard cherry,malpighia,linearis
southern crab apple,malus,angustifolia
siberian crab apple,malus,baccata
sweet crab apple,malus,coronaria
japanese flowering crab apple,malus,floribunda
oregon crab apple,malus,fusca
prairie crab apple,malus,ioensis
paradise apple,malus,pumila
apple spp.,malus,spp.
mammee apple,mammea,americana
manapau,mammea,glauca
chopak,mammea,odorata
mango,mangifera,indica
kanit,mangifera,minor
saipan mango,mangifera,odorata
ceara rubbertree,manihot,carthaginensis ssp. glaziovii
surinam bulletwood,manilkara,bidentata
pani,manilkara,dissecta
kohle,manilkara,hoshinoi
wild dilly,manilkara,jaimiqui
zapote de costa,manilkara,pleeana
udeuid,manilkara,udoido
nisperillo,manilkara,valenzuela
sapodilla,manilkara,zapota
palo de cana,mappia,racemosa
bkau,maranthes,corymbosa
apgau,maranthes,corymbosa
bastard hogberry,margaritaria,nobilis
beruquillo,marlierea,sintenisii
matayba apetala,matayba,apetala
negra lora,matayba,domingensis
mayten,maytenus,boaria
caribbean mayten,maytenus,cymosa
puerto rico mayten,maytenus,elongata
white cinnamon,maytenus,laevigata
maytenus palauica,maytenus,palauica
ponce mayten,maytenus,ponceana
mecranium latifolium,mecranium,latifolium
medusanthera carolinensis,medusanthera,carolinensis
matamo,medusanthera,samoensis
cajeput tree,melaleuca,linariifolia
melaleuca,melaleuca,quinquenervia
alom,melanolepis,multiglandulosa
chinaberry,melia,azedarach
spanish lime,melicoccus,bijugatus
mokihana,melicope,anisata
ballous melicope,melicope,balloui
uahiapele,melicope,barbigera
waianae range melicope,melicope,christophersenii
manena,melicope,cinerea
kukaemoa,melicope,clusiifolia
piloula,melicope,cruciata
leiohiiaka,melicope,elliptica
haleakala melicope,melicope,haleakalae
haupa mountain melicope,melicope,haupuensis
mokihana kukae moa,melicope,hawaiensis
honolulu melicope,melicope,hosakae
kaala melicope,melicope,kaalaensis
olokele valley melicope,melicope,knudsenii
soopini,melicope,latifolia
kaholuamanu melicope,melicope,macropus
makaha valley melicope,melicope,makahae
molokai melicope,melicope,molokaiensis
alani,melicope,mucronulata
oahu melicope,melicope,oahuensis
makawao melicope,melicope,obovata
honokahua melicope,melicope,orbicularis
hana melicope,melicope,ovalis
eggshape melicope,melicope,ovata
pale melicope,melicope,pallida
lihue melicope,melicope,paniculata
boxfruit alani,melicope,peduncularis
kohala summit melicope,melicope,pseudoanisata
hairy melicope,melicope,puberula
fourangle melicope,melicope,quadrangularis
kapu melicope,melicope,radiata
roundleaf melicope,melicope,rotundifolia
st. johns melicope,melicope,saint-johnii
mt. kaala melicope,melicope,sandwicensis
melicope,melicope,spp.
volcanic melicope,melicope,volcanica
alani wai,melicope,waialealae
kipuka piaula,melicope,zahlbruckneri
aguacatillo,meliosma,herbertii
cacaillo,meliosma,obtusifolia
teabush,melochia,tomentosa
hierba del soldado,melochia,umbellata
sayafe,melochia,villosissima
faniok,merrilliodendron,megacarpum
fagufagu,meryta,macrophylla
dawn redwood,metasequoia,glyptostroboides
florida poisontree,metopium,toxiferum
collina,metrosideros,collina
ohia,metrosideros,macropus
ohia lehua,metrosideros,polymorpha
lehua papa,metrosideros,rugosa
lehua ahihi,metrosideros,tremuloides
kauai bottlebrush,metrosideros,waialealae
ivory-nut palm,metroxylon,amicarum
sago palm,metroxylon,sagu
orange champak,michelia,champaca
saquiyac,miconia,affinis
velvet tree,miconia,calvescens
puerto rico johnnyberry,miconia,foveolata
camasey de costilla,miconia,impetiolaris
smooth johnnyberry,miconia,laevigata
hairy johnnyberry,miconia,lanata
camasey cuatrocanales,miconia,mirabilis
camasey racimoso,miconia,pachyphylla
granadillo bobo,miconia,prasina
auquey,miconia,punctata
ridge johnnyberry,miconia,pycnoneura
camasey felpa,miconia,racemosa
peralejo,miconia,rubiginosa
jau jau,miconia,serrulata
mountain johnnyberry,miconia,sintenisii
forest johnnyberry,miconia,subcorymbosa
rajador,miconia,tetrandra
camasey tomaso,miconia,thomasiana
talafulu,micromelum,minutum
caimitillo verde,micropholis,garciniifolia
micropholis guyanensis,micropholis,guyanensis
pinnata,millettia,pinnata
elegant mimosa,mimosa,arenosa
elengi,mimusops,elengi
monodora,monodora,spp.
treedaisy,montanoa,hibiscifolia
morella cerifera,morella,cerifera
firetree,morella,faya
morella holdridgeana,morella,holdridgeana
indian mulberry,morinda,citrifolia
ngel,morinda,latibractea
morinda pedunculata,morinda,pedunculata
noni kuahiwi,morinda,trimera
horseradishtree,moringa,oleifera
ratapple,morisonia,americana
white mulberry,morus,alba
texas mulberry,morus,microphylla
black mulberry,morus,nigra
red mulberry,morus,rubra
murta,mouriri,domingensis
mameyuelo,mouriri,helleri
falseohe,munroidendron,racemosum
strawberrytree,muntingia,calabura
murraya exotica,murraya,exotica
murraya koenigii,murraya,koenigii
aloalo vao,mussaenda,raiateensis
ngaio tree,myoporum,laetum
naio,myoporum,sandwicense
red rodwood,myrcia,citrifolia
cieneguillo,myrcia,deflexa
curame,myrcia,fallax
guayabacon,myrcia,leptoclada
ausu,myrcia,paganii
punchberry,myrcia,splendens
twinberry,myrcianthes,fragrans
jaboticaba,myrciaria,cauliflora
guavaberry,myrciaria,floribunda
yamamomo,myrica,rubra
atoneulu,myristica,hypargyraea
adepurot,myristica,insularis
myristica inutilis,myristica,inutilis
cercipo,myrospermum,frutescens
balsam of tolu,myroxylon,balsamum
forest colicwood,myrsine,alyxifolia
leathery colicwood,myrsine,coriacea
myrsine cubana,myrsine,cubana
summit colicwood,myrsine,degeneri
mountain colicwood,myrsine,emarginata
streambank colicwood,myrsine,fernseei
koolau range colicwood,myrsine,fosbergii
wahiawa bog colicwood,myrsine,helleri
kauai colicwood,myrsine,kauaiensis
kokee colicwood,myrsine,knudsenii
lanai colicwood,myrsine,lanaiensis
kolea lau nui,myrsine,lessertiana
hanapepe river colicwood,myrsine,mezii
myrsine palauensis,myrsine,palauensis
swamp colicwood,myrsine,petiolata
molokai colicwood,myrsine,pukooensis
kokea lau lii,myrsine,sandwicensis
mt. kahili colicwood,myrsine,wawraea
nectandra coriacea,nectandra,coriacea
shinglewood,nectandra,hihua
nectandra krugii,nectandra,krugii
nectandra membranacea,nectandra,membranacea
nectandra patens,nectandra,patens
nectandra turbacensis,nectandra,turbacensis
saltwood,neea,buxifolia
kadam,neolamarckia,cadamba
aquilon,neolaugeria,resinosa
afa,neonauclea,forsteri
rambutan,nephelium,lappaceum
pulasan,nephelium,ramboutan-ake
maaloa,neraudia,melastomifolia
keahi,nesoluma,polynesicum
hawaii olive,nestegis,sandwicensis
kalm,neuburgia,celebica
aralm,neuburgia,celebica
tree tobacco,nicotiana,glauca
smallflower aiea,nothocestrum,breviflorum
broadleaf aiea,nothocestrum,latifolium
longleaf aiea,nothocestrum,longifolium
oahu aiea,nothocestrum,peltatum
kaala rockwort,nototrichium,humile
hawaii rockwort,nototrichium,sandwicense
water tupelo,nyssa,aquatica
swamp tupelo,nyssa,biflora
ogeechee tupelo,nyssa,ogeche
blackgum,nyssa,sylvatica
african bird's-eye bush,ochna,mossambicensis
thomas birds-eye bush,ochna,thomasiana
ochroma pyramidale,ochroma,pyramidale
holei,ochrosia,compta
island yellowwood,ochrosia,haleakalae
kauai yellowwood,ochrosia,kauaiensis
hawaii yellowwood,ochrosia,kilaueaensis
langiti,ochrosia,mariannensis
fao,ochrosia,oppositifolia
laurel espada,ocotea,floribunda
black sweetwood,ocotea,foeniculacea
loblolly sweetwood,ocotea,leucoxylon
nemoca,ocotea,moschata
laurel sassafras,ocotea,nemodaphne
laurel de paloma,ocotea,portoricensis
nemoca cimarrona,ocotea,spathulata
wright's laurel canelon,ocotea,wrightii
olive,olea,europaea
amansis,ormosia,calavensis
edebsungelked,ormosia,calavensis
necklace bead tree,ormosia,calavensis
peronia,ormosia,krugii
eastern hophornbeam,ostrya,virginiana
pincho palo de rosa,ottoschulzia,rhodoxylon
chicharron amarillo,ouratea,ilicifolia
abey amarillo,ouratea,littoralis
guanabanilla,ouratea,striata
blacklancewood,oxandra,lanceolata
haya,oxandra,laurifolia
sourwood,oxydendrum,arboreum
miich era ngebard,pachira,aquatica
guiana chestnut,pachira,aquatica
wild chestnut,pachira,insignis
palaquium karrak,palaquium,karrak
tafetan,palicourea,alpina
red cappel,palicourea,crocea
palicourea croceoides,palicourea,croceoides
showy cappel,palicourea,guianensis
chertochet,pandanus,aimiriikensis
matal,pandanus,cominsii
pahong,pandanus,dubius
pandanus japensis,pandanus,japensis
buuk,pandanus,kanehirae
peet,pandanus,patina
fasa,pandanus,reineckei
screwpine,pandanus,spp.
tahitian screwpine,pandanus,tectorius
common screwpine,pandanus,utilis
rauel,pangium,edule
scratchthroat,parathesis,crenulata
sea,parinari,insularum
ais,parinari,laurina
parkia korom,parkia,korom
kmekumer,parkia,parvifoliola
parkia,parkia,spp.
parkia timoriana,parkia,timoriana
jerusalem thorn,parkinsonia,aculeata
paloverde,parkinsonia,spp.
texas paloverde,parkinsonia,texana
cuachilote,parmentiera,aculeata
candle tree,parmentiera,cereifera
paulownia,paulownia,tomentosa
empress-tree,paulownia,tomentosa
peltophorum pterocarpum,peltophorum,pterocarpum
ngis,pemphis,acidula
butter tree,pentadesma,butyracea
jiqi,pera,bumeliifolia
pericopsis mooniana,pericopsis,mooniana
avocado,persea,americana
redbay,persea,borbonia
canela,persea,krugii
swamp bay,persea,palustris
aquacatillo,persea,urbaniana
bastard stopper,petitia,domingensis
phaleria nisidai,phaleria,nisidai
amur corktree,phellodendron,amurense
aquilon prieto,phialanthus,grandifolius
candlewood,phialanthus,myrtilloides
canary island date palm,phoenix,canariensis
pygmy date palm,phoenix,roebelenii
chinese  photinia,photinia,davidiana
tahitian gooseberry tree,phyllanthus,acidus
pamakani mahu,phyllanthus,distichus
gamo de costa,phyllanthus,juglandifolius
phyllanthus orbicularis,phyllanthus,orbicularis
norway spruce,picea,abies
brewer spruce,picea,breweriana
engelmann spruce,picea,engelmannii
white spruce,picea,glauca
sakhalin spruce,picea,glehnii
black spruce,picea,mariana
serbian spruce,picea,omorika
blue spruce,picea,pungens
red spruce,picea,rubens
sitka spruce,picea,sitchensis
florida bitterbush,picramnia,pentandra
bitterwood,picrasma,excelsa
fustic,pictetia,aculeata
aceitillo,pilocarpus,racemosus
royen's tree cactus,pilosocereus,royenii
allspice,pimenta,dioica
bayrumtree,pimenta,racemosa
chebouch,pinanga,insignis
demailei,pinanga,insignis
whitebark pine,pinus,albicaulis
rocky mountain bristlecone pine,pinus,aristata
arizona pine,pinus,arizonica
knobcone pine,pinus,attenuata
foxtail pine,pinus,balfouriana
jack pine,pinus,banksiana
bunge's pine,pinus,bungeana
canary island pine,pinus,canariensis
caribbean pine,pinus,caribaea
mexican pinyon pine,pinus,cembroides
sand pine,pinus,clausa
lodgepole pine,pinus,contorta
coulter pine,pinus,coulteri
japanese red pine,pinus,densiflora
border pinyon,pinus,discolor
shortleaf pine,pinus,echinata
common,pinus,edulis
two-needle pinyon,pinus,edulis
slash pine,pinus,elliottii
honduras pine,pinus,elliottii
apache pine,pinus,engelmannii
limber pine,pinus,flexilis
spruce pine,pinus,glabra
aleppo pine,pinus,halepensis
jeffrey pine,pinus,jeffreyi
sugar pine,pinus,lambertiana
chihuahuan pine,pinus,leiophylla
great basin bristlecone pine,pinus,longaeva
chinese red pine,pinus,massoniana
merkus pine,pinus,merkusii
singleleaf pinyon,pinus,monophylla
arizona pinyon pine,pinus,monophylla
western white pine,pinus,monticola
bishop pine,pinus,muricata
austrian pine,pinus,nigra
ocote chino,pinus,oocarpa
longleaf pine,pinus,palustris
five-needle pine,pinus,parviflora
mexican weeping pine,pinus,patula
maritime pine,pinus,pinaster
italian stone pine,pinus,pinea
ponderosa pine,pinus,ponderosa
table mountain pine,pinus,pungens
four-leaf,pinus,quadrifolia
parry pinyon pine,pinus,quadrifolia
monterey pine,pinus,radiata
papershell pinyon pine,pinus,remota
red pine,pinus,resinosa
pitch pine,pinus,rigida
indian longleaf pine,pinus,roxburghii
gray,pinus,sabiniana
california foothill pine,pinus,sabiniana
pond pine,pinus,serotina
southwestern white pine,pinus,strobiformis
eastern white pine,pinus,strobus
scotch pine,pinus,sylvestris
loblolly pine,pinus,taeda
japansese black pine,pinus,thunbergii
torrey pine,pinus,torreyana
virginia pine,pinus,virginiana
washoe pine,pinus,washoensis
higuillo de hoja menuda,piper,aduncum
higuillo de limon,piper,amalago
moth pepper,piper,blattarum
marigold pepper,piper,marginatum
spanish elder,piper,swartzianum
waimea pipturus,pipturus,albidus
soga,pipturus,argenteus
stinkwood,piscidia,carthagenensis
fishpoison tree,piscidia,piscipula
corcho bobo,pisonia,albida
australasian catchbirdtree,pisonia,brunoniana
grand devils-claws,pisonia,grandis
aulu,pisonia,sandwicensis
water mampoo,pisonia,subcordata
umbrella catchbirdtree,pisonia,umbellifera
kauai catchbirdtree,pisonia,wagneriana
chinese pistache,pistacia,chinensis
monkeypod,pithecellobium,dulce
catclaw blackbead,pithecellobium,unguis-cati
hawaii poisonberry tree,pittosporum,argentifolium
kamal,pittosporum,ferrugineum
waianae range cheesewood,pittosporum,flocculosum
waialeale cheesewood,pittosporum,gayanum
koolau range cheesewood,pittosporum,glabrum
hawaii cheesewood,pittosporum,hawaiiense
kona cheesewood,pittosporum,hosmeri
kauai cheesewood,pittosporum,kauaiense
mona cheesewood,pittosporum,monae
pittosporum,pittosporum,monae
royal cheesewood,pittosporum,napaliense
taiwanese cheesewood,pittosporum,pentandrum
cheesewood,pittosporum,spp.
cream cheesewood,pittosporum,terminalioides
japanese cheesewood,pittosporum,tobira
australian cheesewood,pittosporum,undulatum
cape cheesewood,pittosporum,viridiflorum
lalahag,planchonella,obovata
mamalava,planchonella,torricellensis
water-elm,planera,aquatica
planertree,planera,aquatica
london planetree,platanus,hybrida
mexican sycamore,platanus,mexicana
american sycamore,platanus,occidentalis
oriental planetree,platanus,orientalis
california sycamore,platanus,racemosa
arizona sycamore,platanus,wrightii
oriental arborvitae,platycladus,orientalis
hawaii pilo kea,platydesma,remyi
maui pilo kea,platydesma,spathulata
chupa gallo,pleodendron,macranthum
golden hala pepe,pleomele,aurea
maui hala pepe,pleomele,auwahiensis
lanai hala pepe,pleomele,fernaldii
waianae range hala pepe,pleomele,forbesii
royal hala pepe,pleomele,halapepe
hawaii hala pepe,pleomele,hawaiiensis
nosegaytree,plumeria,alba
singapore graveyard flower,plumeria,obtusa
plumeria obtusa,plumeria,obtusa
templetree,plumeria,rubra
yucca plum pine,podocarpus,coriaceus
yew plum pine,podocarpus,macrophyllus
poitea florida,poitea,florida
violet tree,polygala,cowellii
crevajosa,polygala,penaea
bungaruau,polyscias,grandifolia
panax,polyscias,guilfoylei
geranium aralia,polyscias,guilfoylei
polyscias macgillivrayi,polyscias,macgillivrayi
bngei,polyscias,nodosa
tagitagi,polyscias,samoensis
shield aralia,polyscias,scutellaria
polyscias,polyscias,spp.
tava,pometia,pinnata
kattai,ponapea,hosinoi
ponapea ledermanniana,ponapea,ledermanniana
hardy orange,poncirus,trifoliata
kisaks,pongamia,pinnata
silver poplar,populus,alba
narrowleaf cottonwood,populus,angustifolia
balsam poplar,populus,balsamifera
black cottonwood,populus,balsamifera
eastern cottonwood,populus,deltoides
fremont cottonwood,populus,fremontii
bigtooth aspen,populus,grandidentata
swamp cottonwood,populus,heterophylla
lombardy poplar,populus,nigra
quaking aspen,populus,tremuloides
carolina poplar,populus,x canadensis
gray poplar,populus,x canescens
abiu,pouteria,caimito
elangel,pouteria,calcarea
chelangel,pouteria,calcarea
eggfruit,pouteria,campechiana
cocuyo,pouteria,dictyoneura
redmammee,pouteria,hotteana
bullytree,pouteria,multiflora
mammee sapote,pouteria,sapota
ahgao,premna,obtusifolia
premna pubescens,premna,pubescens
aloalo,premna,serratifolia
prestoea acuminata,prestoea,acuminata
hawaii pritchardia,pritchardia,affinis
maui pritchardia,pritchardia,arecina
kilauea pritchardia,pritchardia,beccariana
mt. eke pritchardia,pritchardia,forbesiana
makaleha pritchardia,pritchardia,hardyi
loulu lelo,pritchardia,hillebrandii
waianae range pritchardia,pritchardia,kaalae
lanai pritchardia,pritchardia,lanaiensis
loulu,pritchardia,lanigera
limahuli valley pritchardia,pritchardia,limahuliensis
molokai pritchardia,pritchardia,lowreyana
koolau range pritchardia,pritchardia,martii
alakai swamp pritchardia,pritchardia,minor
kamalo pritchardia,pritchardia,munroi
fan palm,pritchardia,pacifica
waioli valley pritchardia,pritchardia,perlmanii
nihoa pritchardia,pritchardia,remota
lands of papa pritchardia,pritchardia,schattaueri
pritchardia,pritchardia,spp.
stickybud pritchardia,pritchardia,viscosa
poleline pritchardia,pritchardia,waialealeana
guasimilla,prockia,crucis
jand,prosopis,cineraria
honey mesquite,prosopis,glandulosa
mesquite,prosopis,juliflora
kiawe,prosopis,pallida
screwbean mesquite,prosopis,pubescens
velvet mesquite,prosopis,velutina
allegheny plum,prunus,alleghaniensis
american plum,prunus,americana
chickasaw plum,prunus,angustifolia
apricot,prunus,armeniaca
sweet cherry,prunus,avium
carolina laurelcherry,prunus,caroliniana
cherry plum,prunus,cerasifera
sour cherry,prunus,cerasus
european plum,prunus,domestica
sweet almond,prunus,dulcis
bitter cherry,prunus,emarginata
cherry laurel,prunus,laurocerasus
mahaleb cherry,prunus,mahaleb
mexican plum,prunus,mexicana
west indian cherry,prunus,myrtifolia
canada plum,prunus,nigra
western cherry laurel,prunus,occidentalis
pin cherry,prunus,pensylvanica
peach,prunus,persica
japanese plum,prunus,salicina
black cherry,prunus,serotina
prunus serotina,prunus,serotina
japanese flowering cherry,prunus,serrulata
cherry and plum spp.,prunus,spp.
chokecherry,prunus,virginiana
yoshino flowering cherry,prunus,x yedoensis
false breadnut,pseudolmedia,spuria
florida cherry palm,pseudophoenix,sargentii
bigcone douglas-fir,pseudotsuga,macrocarpa
douglas-fir,pseudotsuga,menziesii
mountain guava,psidium,amplexicaule
strawberry guava,psidium,cattleianum
guava,psidium,guajava
psidium longipes,psidium,longipes
sintenis' guava,psidium,sintenisii
cachimbo-cumun,psychotria,berteriana
palo de cachimbo,psychotria,brachiata
browne's wild coffee,psychotria,brownei
chimei,psychotria,carolinensis
psychotria cheathamiana,psychotria,cheathamiana
psychotria domingensis,psychotria,domingensis
koolau range wild coffee,psychotria,fauriei
largeflower wild coffee,psychotria,grandiflora
cachimbo grande,psychotria,grandis
kauai wild coffee,psychotria,greenwelliae
waianae range wild coffee,psychotria,hathewayi
kopikoula,psychotria,hawaiiensis
woodland wild coffee,psychotria,hexandra
oahu wild coffee,psychotria,hexandra
milolii kopiwai,psychotria,hobdyi
matalafi,psychotria,insularum
kopiko kea,psychotria,kaduana
cachimbo de gato,psychotria,maleolens
aplohkateng,psychotria,mariana
cachimbo de maricao,psychotria,maricaensis
forest wild coffee,psychotria,mariniana
opiko,psychotria,mauiensis
floating balsamo,psychotria,nutans
hairy wild coffee,psychotria,pubescens
psychotria rhombocarpa,psychotria,rhombocarpa
psychotria rotensis,psychotria,rotensis
wild coffee,psychotria,spp.
leatherleaf wild coffee,psychotria,wawrae
olasina,psydrax,merrillii
alahee,psydrax,odorata
kauai pteralyxia,pteralyxia,kauaiensis
ridged pteralyxia,pteralyxia,macrocarpa
pterocarpus,pterocarpus,indicus
burma padauk,pterocarpus,macrocarpus
malabar kino,pterocarpus,marsupium
dragonsblood tree,pterocarpus,officinalis
chinese wingnut,pterocarya,stenoptera
ptychococcus ledermannianus,ptychococcus,ledermannianus
macarthur feather palm,ptychosperma,macarthuri
chesdbuuch,ptychosperma,palauense
pomegranate,punica,granatum
callery pear,pyrus,calleryana
common pear,pyrus,communis
chinese pear,pyrus,pyrifolia
pear spp.,pyrus,spp.
swizzlestick tree,quararibea,turbinata
sawtooth oak,quercus,acutissima
california live oak,quercus,agrifolia
white oak,quercus,alba
arizona white oak,quercus,arizonica
arkansas oak,quercus,arkansana
bastard white oak,quercus,austrina
swamp white oak,quercus,bicolor
buckley oak,quercus,buckleyi
european turkey oak,quercus,cerris
canyon live oak,quercus,chrysolepis
scarlet oak,quercus,coccinea
blue oak,quercus,douglasii
northern pin oak,quercus,ellipsoidalis
emory oak,quercus,emoryi
engelmann oak,quercus,engelmannii
southern red oak,quercus,falcata
texas live oak,quercus,fusiformis
gambel oak,quercus,gambelii
oregon white oak,quercus,garryana
sand live oak,quercus,geminata
georgia oak,quercus,georgiana
chisos oak,quercus,graciliformis
graves oak,quercus,gravesii
gray oak,quercus,grisea
darlington oak,quercus,hemisphaerica
silverleaf oak,quercus,hypoleucoides
holly oak,quercus,ilex
scrub oak,quercus,ilicifolia
shingle oak,quercus,imbricaria
bluejack oak,quercus,incana
california black oak,quercus,kelloggii
lacey oak,quercus,laceyi
turkey oak,quercus,laevis
laurel oak,quercus,laurifolia
california white oak,quercus,lobata
overcup oak,quercus,lyrata
bur oak,quercus,macrocarpa
dwarf post oak,quercus,margarettiae
blackjack oak,quercus,marilandica
swamp chestnut oak,quercus,michauxii
dwarf live oak,quercus,minima
chinkapin oak,quercus,muehlenbergii
myrtle oak,quercus,myrtifolia
water oak,quercus,nigra
mexican blue oak,quercus,oblongifolia
oglethorpe oak,quercus,oglethorpensis
cherrybark oak,quercus,pagoda
pin oak,quercus,palustris
durmast oak,quercus,petraea
willow oak,quercus,phellos
mexican white oak,quercus,polymorpha
dwarf chinkapin oak,quercus,prinoides
chestnut oak,quercus,prinus
english oak,quercus,robur
robust oak,quercus,robusta
northern red oak,quercus,rubra
netleaf oak,quercus,rugosa
shumard oak,quercus,shumardii
delta post oak,quercus,similis
durand oak,quercus,sinuata
bastard oak,quercus,sinuata
post oak,quercus,stellata
cork oak,quercus,suber
lateleaf oak,quercus,tardifolia
texas red oak,quercus,texana
sandpaper oak,quercus,vaseyana
black oak,quercus,velutina
live oak,quercus,virginiana
interior live oak,quercus,wislizeni
white indigoberry,randia,aculeata
togo vao,rapanea,myricifolia
palo amargo,rauvolfia,nitida
devils-pepper,rauvolfia,sandwicensis
poison devils-pepper,rauvolfia,vomitoria
traveler's tree,ravenala,madagascariensis
tortugo prieto,ravenia,urbanii
vi vao,reynoldsia,lanutoensis
ohe makai,reynoldsia,sandwicensis
guama,reynosia,guama
krug's darlingplum,reynosia,krugii
sloe,reynosia,uncinata
common buckthorn,rhamnus,cathartica
rheeda,rheedia,edulis
mangle,rhizophora,apiculata
rhizophora lamarckii,rhizophora,lamarckii
american mangrove,rhizophora,mangle
mangle hembra,rhizophora,mucronata
rhizophora stylosa,rhizophora,stylosa
catawba rosebay,rhododendron,catawbiense
rhodomyrtus tomentosus,rhodomyrtus,tomentosa
african sumac,rhus,lancea
prairie sumac,rhus,lanceolata
neneleau,rhus,sandwicensis
tavai,rhus,taitensis
castorbean,ricinus,communis
rinorea carolinensis,rinorea,carolinensis
new mexico locust,robinia,neomexicana
black locust,robinia,pseudoacacia
greenheart ebony,rochefortia,acanthophora
rochefortia spinosa,rochefortia,spinosa
rollinia,rollinia,deliciosa
wild sugar apple,rollinia,mucosa
cordobancillo,rondeletia,inermis
cordobancillo peludo,rondeletia,pilosa
juan tomas,rondeletia,portoricensis
puerto rico royal palm,roystonea,borinquena
roystonea elata,roystonea,elata
royal palm,roystonea,oleracea
royal palm spp.,roystonea,spp.
puerto rico palmetto,sabal,causiarum
mexican palmetto,sabal,mexicana
dwarf palmetto,sabal,minor
cabbage palmetto,sabal,palmetto
white hogwood,sagraea,umbrosa
white willow,salix,alba
peachleaf willow,salix,amygdaloides
bonpland willow,salix,bonplandiana
coastal plain willow,salix,caroliniana
elaeagnus willow,salix,elaeagnos
crack willow,salix,fragilis
salix humboldtiana,salix,humboldtiana
arroyo willow,salix,lasiolepis
black willow,salix,nigra
balsam willow,salix,pyrifolia
scouler's willow,salix,scouleriana
weeping willow,salix,sepulcralis
silky willow,salix,sericea
etkeam,samadera,indica
cheskeam,samadera,indica
raintree,samanea,saman
guayabilla,samyda,dodecandra
santol,sandoricum,koetjape
kechapi,sandoricum,koetjape
sandalwood,santalum,album
coastal sandalwood,santalum,ellipticum
forest sandalwood,santalum,freycinetianum
haleakala sandalwood,santalum,haleakalae
mountain sandalwood,santalum,paniculatum
willowleaf sandalwood,santalum,salicifolium
lonomea,sapindus,oahuense
western soapberry,sapindus,saponaria
wingleaf soapberry,sapindus,saponaria
gumtree,sapium,glandulosum
hinchahuevos,sapium,laurifolium
milktree,sapium,laurocerasus
uunu,sarcopygme,pacifica
sassafras,sassafras,albidum
amansa guapo,savia,sessiliflora
florida boxwood,schaefferia,frutescens
octopus tree,schefflera,actinophylla
schefflera,schefflera,actinophylla
yuquilla,schefflera,gleasonii
schefflera kraemeri,schefflera,kraemeri
matchwood,schefflera,morototonii
peruvian peppertree,schinus,molle
brazilian peppertree,schinus,terebinthifolius
brazilian firetree,schizolobium,parahybum
lac tree,schleichera,oleosa
schleinitzia fosbergii,schleinitzia,fosbergii
arana,schoepfia,arenaria
white beefwood,schoepfia,obovata
gulf graytwig,schoepfia,schreberi
kuat,scyphiphora,hydrophyllacea
poison tree,semecarpus,kraemeri
panew,semecarpus,kraemeri
tonget,semecarpus,venenosa
emperor's candlesticks,senna,alata
flor de san jose,senna,atomaria
argentine senna,senna,corymbosa
gaudichauds senna,senna,gaudichaudii
false sicklepod,senna,multijuga
valamuerto,senna,pendula
retama prieta,senna,polyphylla
siamese cassia,senna,siamea
casia amarilla,senna,spectabilis
senna sulfurea,senna,sulfurea
glossy shower,senna,surattensis
redwood,sequoia,sempervirens
giant sequoia,sequoiadendron,giganteum
ukall,serianthes,kanehirae
hayun lago,serianthes,nelsonii
trongkon guafi,serianthes,nelsonii
vegetable hummingbird,sesbania,grandiflora
egyptian riverhemp,sesbania,sesban
shirakiopsis indica,shirakiopsis,indica
saffron plum,sideroxylon,celastrinum
espejuelo,sideroxylon,cubense
false mastic,sideroxylon,foetidissimum
tamaulipan coma,sideroxylon,laetevirens
chittamwood,sideroxylon,lanuginosum
gum bumelia,sideroxylon,lanuginosum
buckthorn bully,sideroxylon,lycioides
breakbill,sideroxylon,obovatum
bully tree,sideroxylon,persimile
puerto rico bully,sideroxylon,portoricense
white bully,sideroxylon,salicifolium
willow bustic,sideroxylon,salicifolium
tough bully,sideroxylon,tenax
paradisetree,simarouba,glauca
simarouba,simarouba,spp.
aceitillo falso,simarouba,tulae
hoja menuda,siphoneugena,densiflora
motillo,sloanea,amygdalina
american black nightshade,solanum,americanum
solanum bahamense,solanum,bahamense
mullein nightshade,solanum,donianum
potatotree,solanum,erianthum
earleaf nightshade,solanum,mauritianum
forest nightshade,solanum,nudum
cakalaka berry,solanum,polygamum
tabacon aspero,solanum,rugosum
turkey berry,solanum,torvum
mangrove,sonneratia,alba
texas sophora,sophora,affinis
mamani,sophora,chrysophylla
mescal bean,sophora,secundiflora
silver bush,sophora,tomentosa
american mountain-ash,sorbus,americana
european mountain-ash,sorbus,aucuparia
northern mountain-ash,sorbus,decora
maras,soulamea,amara
african tuliptree,spathodea,campanulata
spiraeanthemum samoense,spiraeanthemum,samoense
spondias dulcis,spondias,dulcis
yellow mombin,spondias,mombin
titmel,spondias,pinnata
purple mombin,spondias,purpurea
cobana negra,stahlia,monosperma
ngmui,stemonurus,ammui
panama tree,sterculia,apetala
fanaio,sterculia,fanaiho
hazel sterculia,sterculia,foetida
sterculia palauensis,sterculia,palauensis
sterculia ponapensis,sterculia,ponapensis
stewartia,stewartia,koreana
silky camellia,stewartia,malacodendron
mountain camellia,stewartia,ovata
anthropophagorum,streblus,anthropophagorum
hawaii roughbush,streblus,pendulinus
japanese pagoda tree,styphnolobium,japonicum
american snowbell,styrax,americanus
bigleaf snowbell,styrax,grandifolius
palo de jazmin,styrax,portoricensis
bay cedar,suriana,maritima
honduras mahogany,swietenia,macrophylla
west indian mahogany,swietenia,mahagoni
mahogany,swietenia,spp.
queen palm,syagrus,romanzoffiana
nispero cimarron,symplocos,lanata
martinique sweetleaf,symplocos,martinicensis
aceitunilla,symplocos,micrantha
chebtui,symplocos,racemosa
ebtui,symplocos,racemosa
turpentine tree,syncarpia,glomulifera
miracle berry,synsepalum,dulcificum
japanese tree lilac,syringa,reticulata
watery roseapple,syzygium,aqueum
java plum,syzygium,cumini
sea apple,syzygium,grande
syzygium jambos,syzygium,jambos
malaysian apple,syzygium,malaccense
brush cherry,syzygium,paniculatum
nonu vao,syzygium,samarangense
fena vao,syzygium,samoense
ohia ha,syzygium,sandwicense
syzygium,syzygium,spp.
roble amarillo,tabebuia,chrysantha
primavera,tabebuia,donnell-smithii
roble cimarron,tabebuia,haemantha
white cedar,tabebuia,heterophylla
pink tabebuia,tabebuia,pallida
roble de sierra,tabebuia,rigida
pink trumpet-tree,tabebuia,rosea
roble colorado,tabebuia,schumanniana
tabernaemontana aurantiaca,tabernaemontana,aurantiaca
milkwood,tabernaemontana,citrifolia
pulu,tabernaemontana,pandacaqui
tabernaemontana rotensis,tabernaemontana,rotensis
tamarind,tamarindus,indica
manunu,tarenna,sambucina
pondcypress,taxodium,ascendens
baldcypress,taxodium,distichum
montezuma baldcypress,taxodium,mucronatum
english yew,taxus,baccata
pacific yew,taxus,brevifolia
japanese yew,taxus,cuspidata
florida yew,taxus,floridana
chestnutleaf trumpetbush,tecoma,castanifolia
yellow trumpetbush,tecoma,stans
teak,tectona,grandis
kehma,terminalia,carolinensis
ivory coast almond,terminalia,ivorensis
strand tree,terminalia,litoralis
sin,terminalia,litoralis
east indian almond,terminalia,myriocarpa
peruvian almond,terminalia,oblonga
malili,terminalia,richii
talie,terminalia,samoensis
superb terminalia,terminalia,superba
saintedwood,ternstroemia,heptasepala
palo colorado,ternstroemia,luquillensis
copey vera,ternstroemia,peduncularis
mamey de cura,ternstroemia,stahlii
el yunque colorado,ternstroemia,subsessilis
masa,tetragastris,balsamifera
flynnsohe,tetraplasandra,flynnii
koolau rangeohe,tetraplasandra,gymnocarpa
hawaii ohe,tetraplasandra,hawaiensis
ohe ohe,tetraplasandra,kavaiensis
ohe mauka,tetraplasandra,oahuensis
mt. waialeale ohe,tetraplasandra,waialealae
ohe kiko ola,tetraplasandra,waimeae
stinkingfish,tetrazygia,angustifolia
florida clover ash,tetrazygia,bicolor
puerto rico clover ash,tetrazygia,biflora
krekre,tetrazygia,elaeagnoides
cenizo,tetrazygia,urbanii
cacao,theobroma,cacao
maga,thespesia,grandiflora
portia tree,thespesia,populnea
luckynut,thevetia,peruviana
ceboruquillo,thouinia,striata
puerto rico ceboruquillo,thouinia,striata
key thatch palm,thrinax,morrisii
florida thatch palm,thrinax,radiata
northern white-cedar,thuja,occidentalis
western redcedar,thuja,plicata
brazilian glorytree,tibouchina,granulosa
american basswood,tilia,americana
white basswood,tilia,americana
carolina basswood,tilia,americana
littleleaf linden,tilia,cordata
silver linden,tilia,tomentosa
timonius albus,timonius,albus
timonius corymbosus,timonius,corymbosus
timonius mollis,timonius,mollis
timonius,timonius,spp.
timonius subauritus,timonius,subauritus
timonius timon,timonius,timon
tipa,tipuana,tipu
australian redcedar,toona,ciliata
redcedar,toona,spp.
boje,torralbasia,cuneifolia
california torreya (nutmeg),torreya,californica
florida torreya (nutmeg),torreya,taxifolia
velvetleaf soldierbush,tournefortia,argentea
cold withe,tournefortia,filiflora
chinese windmill palm,trachycarpus,fortunei
unknown dead hardwood,tree,broadleaf
unknown dead conifer,tree,evergreen
other,tree,unknown
unknown live tree,tree,unknown
magele,trema,cannabina
lamarck's trema,trema,lamarckianum
jamaican nettletree,trema,micranthum
oriental trema,trema,orientalis
chinese tallowtree,triadica,sebifera
broomstick,trichilia,hirta
gaita,trichilia,pallida
bariaco,trichilia,triacantha
trichospermum ikutai,trichospermum,ikutai
elsau,trichospermum,ledermannii
oleiulakersus,trichospermum,ledermannii
maouli,trichospermum,richii
limeberry,triphasia,trifolia
ant tree,triplaris,cumingiana
triplaris spp.,triplaris,spp.
faia,tristiropsis,obtusangula
white ramoon,trophis,racemosa
trukia carolinensis,trukia,carolinensis
eastern hemlock,tsuga,canadensis
carolina hemlock,tsuga,caroliniana
western hemlock,tsuga,heterophylla
mountain hemlock,tsuga,mertensiana
muttonwood,turpinia,occidentalis
winged elm,ulmus,alata
american elm,ulmus,americana
cedar elm,ulmus,crassifolia
japanese elm,ulmus,davidiana
chinese elm,ulmus,parvifolia
english elm,ulmus,procera
siberian elm,ulmus,pumila
slippery elm,ulmus,rubra
september elm,ulmus,serotina
rock elm,ulmus,thomasii
california-laurel,umbellularia,californica
mexican buckeye,ungnadia,speciosa
scratchbush,urera,baccifera
flameberry,urera,caracasana
ortiga,urera,chlorocarpa
hopue,urera,glabra
opuhe,urera,kaalae
farkleberry,vaccinium,arboreum
voa vanga,vangueria,madagascariensis
vavaea pauciflora,vavaea,pauciflora
manila palm,veitchia,merrillii
tungoil tree,vernicia,fordii
mu oil tree,vernicia,montana
siebold's arrowwood,viburnum,sieboldii
lilac chastetree,vitex,agnus-castus
bars,vitex,cofassus
beokel,vitex,cofassus
higuerillo,vitex,divaricata
chinese chastetree,vitex,negundo
smallflower chastetree,vitex,parviflora
simpleleaf chastetree,vitex,trifolia
wallenia lamarckiana,wallenia,lamarckiana
california fan palm,washingtonia,filifera
washington fan palm,washingtonia,robusta
weinmannia affinis,weinmannia,affinis
bastard briziletto,weinmannia,pinnata
alpine false ohelo,wikstroemia,bicornuta
forest false ohelo,wikstroemia,furcata
montane false ohelo,wikstroemia,monticola
oahu false ohelo,wikstroemia,oahuensis
hawaii false ohelo,wikstroemia,phillyreifolia
kohala false ohelo,wikstroemia,pulcherrima
variableleaf false ohelo,wikstroemia,sandwicensis
skottsbergs false ohelo,wikstroemia,skottsbergiana
false ohelo,wikstroemia,spp.
hairy false ohelo,wikstroemia,villosa
tallow wood,ximenia,americana
lalanyog,xylocarpus,granatum
leilei,xylocarpus,moluccensis
mucha-gente,xylosma,buxifolia
dense logwood,xylosma,congestum
sawtooth logwood,xylosma,crenata
hawaii brushholly,xylosma,hawaiiensis
xylosma nelsonii,xylosma,nelsonii
spiny logwood,xylosma,pachyphylla
xylosma samoensis,xylosma,samoensis
white logwood,xylosma,schaefferioides
schwaneck's logwood,xylosma,schwaneckeana
aloe yucca,yucca,aloifolia
eve's needle,yucca,faxoniana
moundlily yucca,yucca,gloriosa
bluestem yucca,yucca,guatemalensis
maricao pricklyash,zanthoxylum,bifoliolatum
prickly yellow,zanthoxylum,caribaeum
kawau,zanthoxylum,dipetalum
west indian satinwood,zanthoxylum,flavum
hawaii pricklyash,zanthoxylum,hawaiiense
kauai pricklyash,zanthoxylum,kauaense
white pricklyash,zanthoxylum,martinicense
yellow prickle,zanthoxylum,monophyllum
oahu pricklyash,zanthoxylum,oahuense
dotted pricklyash,zanthoxylum,punctatum
niaragato,zanthoxylum,spinifex
st. thomas pricklyash,zanthoxylum,thomasianum
zapoteca portoricensis,zapoteca,portoricensis
japanese zelkova,zelkova,serrata
indian jujube,ziziphus,mauritiana
cacao rojo,ziziphus,reticulata
soana,ziziphus,rignonii
taylor's jujube,ziziphus,taylorii
