11.0,abies,amabilis
12.0,abies,balsamea
14.0,abies,bracteata
15.0,abies,concolor
16.0,abies,fraseri
17.0,abies,grandis
18.0,abies,lasiocarpa
19.0,abies,lasiocarpa
20.0,abies,magnifica
22.0,abies,procera
21.0,abies,shastensis
6001.0,acacia,anegadensis
6002.0,acacia,aneura
6003.0,acacia,auriculiformis
6004.0,acacia,confusa
6016.0,acacia,dealbata
6017.0,acacia,decurrens
303.0,acacia,farnesiana
6006.0,acacia,koa
6007.0,acacia,koaia
6019.0,acacia,longifolia
6008.0,acacia,macracantha
6009.0,acacia,mangium
6010.0,acacia,mearnsii
6011.0,acacia,melanoxylon
6012.0,acacia,muricata
6013.0,acacia,nilotica
6014.0,acacia,parramattensis
6015.0,acacia,polyacantha
300.0,acacia,spp.
6018.0,acacia,tortuosa
6020.0,acacia,verticillata
311.0,acer,barbatum
5145.0,acer,campestre
5146.0,acer,circinatum
5147.0,acer,ginnala
322.0,acer,grandidentatum
5148.0,acer,griseum
323.0,acer,leucoderme
312.0,acer,macrophyllum
5155.0,acer,miyabei
5149.0,acer,mono
313.0,acer,negundo
314.0,acer,nigrum
5150.0,acer,palmatum
315.0,acer,pensylvanicum
320.0,acer,platanoides
5157.0,acer,platanoides x truncatum
5151.0,acer,pseudoplatanus
316.0,acer,rubrum
317.0,acer,saccharinum
318.0,acer,saccharum
319.0,acer,spicatum
5152.0,acer,tataricum
5156.0,acer,triflorum
5154.0,acer,x freemanii
6021.0,acnistus,arborescens
906.0,acoelorraphe,wrightii
6023.0,acrocomia,media
6025.0,adansonia,digitata
6026.0,adelia,ricinella
6028.0,adenanthera,pavonina
6032.0,aegiphila,martinicensis
333.0,aesculus,californica
332.0,aesculus,flava
331.0,aesculus,glabra
334.0,aesculus,glabra
5163.0,aesculus,hippocastanum
5164.0,aesculus,parviflora
6034.0,afrocarpus,falcatus
6035.0,afrocarpus,gracilior
6036.0,agathis,australis
6037.0,agathis,robusta
6042.0,aglaia,mariannensis
6044.0,aglaia,ponapensis
6046.0,aglaia,samoensis
6048.0,aidia,cochinchinensis
6049.0,aidia,racemosa
341.0,ailanthus,altissima
6053.0,aiphanes,minima
6055.0,albizia,adinocephala
6056.0,albizia,carbonaria
6057.0,albizia,chinensis
345.0,albizia,julibrissin
6059.0,albizia,lebbeck
6060.0,albizia,procera
6061.0,albizia,retusa
6062.0,albizia,saponaria
6064.0,alchornea,latifolia
6066.0,alchorneopsis,floribunda
6069.0,alectryon,macrococcus
6075.0,aleurites,moluccana
6078.0,aleurites,trisperma
6080.0,allophylus,crassinervis
6082.0,allophylus,racemosus
6084.0,allophylus,ternatus
6085.0,allophylus,timorensis
5189.0,alnus,cordata
355.0,alnus,glutinosa
5188.0,alnus,incana
6086.0,alnus,nepalensis
353.0,alnus,oblongifolia
352.0,alnus,rhombifolia
351.0,alnus,rubra
5192.0,alnus,viridis
6088.0,alphitonia,carolinensis
6089.0,alphitonia,ponderosa
6091.0,alphitonia,zizyphoides
6092.0,alsophila,bryophila
6093.0,alsophila,portoricensis
6095.0,alstonia,macrophylla
6096.0,alstonia,pacifica
357.0,amelanchier,arborea
5203.0,amelanchier,laevis
358.0,amelanchier,sanguinea
356.0,amelanchier,spp.
6101.0,amphitecna,latifolia
6103.0,amyris,balsamifera
852.0,amyris,elemifera
6107.0,anacardium,occidentale
6106.0,anacardium,spp.
6108.0,anacolosa,glochidiiformis
6109.0,anacolosa,insularis
6111.0,anadenanthera,peregrina
6114.0,andira,inermis
6120.0,aniba,bracteata
6124.0,annona,cherimola
6125.0,annona,diversifolia
853.0,annona,glabra
6127.0,annona,montana
6128.0,annona,muricata
6129.0,annona,reticulata
6131.0,annona,squamosa
6137.0,antidesma,bunius
6135.0,antidesma,kapuae
6138.0,antidesma,kusaiense
6139.0,antidesma,platyphyllum
6143.0,antidesma,pulvinatum
6146.0,antirhea,acutata
6147.0,antirhea,coriacea
6148.0,antirhea,inconspicua
6149.0,antirhea,lucida
6150.0,antirhea,obtusifolia
6151.0,antirhea,portoricensis
6152.0,antirhea,sintenisii
5232.0,aralia,elata
6154.0,araucaria,angustifolia
6155.0,araucaria,columnaris
6157.0,araucaria,heterophylla
362.0,arbutus,arizonica
361.0,arbutus,menziesii
6180.0,arbutus,unedo
363.0,arbutus,xalapensis
6159.0,archontophoenix,alexandrae
6160.0,archontophoenix,cunninghamiana
6161.0,ardisia,elliptica
6162.0,ardisia,glauciflora
6163.0,ardisia,luquillensis
6164.0,ardisia,obovata
6165.0,ardisia,solanacea
6167.0,areca,catechu
6169.0,arenga,pinnata
6171.0,artocarpus,altilis
6173.0,artocarpus,heterophyllus
6175.0,artocarpus,mariannensis
6176.0,artocarpus,nobilis
6177.0,artocarpus,odoratissimus
6179.0,arytera,brackenridgei
6181.0,ascarina,diffusa
5256.0,asimina,parviflora
367.0,asimina,triloba
6184.0,astronidium,kusaianum
6185.0,astronidium,navigatorum
6186.0,astronidium,palauense
6187.0,astronidium,pickeringii
6188.0,astronidium,samoense
6190.0,astronidium,subcordata
6193.0,atuna,racemosa
6197.0,averrhoa,bilimbi
6198.0,averrhoa,carambola
986.0,avicennia,germinans
6203.0,avicennia,marina
6200.0,avicennia,marina ssp.marina
6206.0,azadirachta,indica
6208.0,baccaurea,taitensis
5260.0,baccharis,halimifolia
5261.0,bactris,gasipaes
6213.0,badusa,palauensis
6217.0,banara,portoricensis
6219.0,banara,vanderbiltii
6220.0,barringtonia,asiatica
6221.0,barringtonia,racemosa
6222.0,barringtonia,samoensis
6224.0,bastardiopsis,eggersii
6241.0,bauhinia,lunarioides
6226.0,bauhinia,monandra
6227.0,bauhinia,multinervia
6228.0,bauhinia,pauletia
6229.0,bauhinia,purpurea
6231.0,bauhinia,tomentosa
6232.0,bauhinia,variegata
6252.0,bauhinia,x blakeana
6233.0,beilschmiedia,pendula
6235.0,bernardia,dichotoma
371.0,betula,alleghaniensis
372.0,betula,lenta
376.0,betula,neoalaskana
373.0,betula,nigra
374.0,betula,occidentalis
375.0,betula,papyrifera
5279.0,betula,pendula
5280.0,betula,platyphylla
379.0,betula,populifolia
5281.0,betula,pubescens
377.0,betula,uber
378.0,betula,x utahensis
6236.0,bischofia,javanica
6238.0,bixa,orellana
6240.0,blighia,sapida
6242.0,bobea,brevipes
6243.0,bobea,elatior
6244.0,bobea,sandwicensis
6246.0,bobea,timonioides
6247.0,bocconia,frutescens
6250.0,boehmeria,virgata
6251.0,bontia,daphnoides
6253.0,bourreria,radula
6255.0,bourreria,succulenta
6257.0,bourreria,virgata
6258.0,brachychiton,discolor
6259.0,brachychiton,populneum
6262.0,broussonetia,papyrifera
6264.0,brugmansia,candida
6266.0,bruguiera,gymnorhiza
6267.0,bruguiera,parviflora
6270.0,brunellia,comocladiifolia
6272.0,brunfelsia,americana
6273.0,brunfelsia,densifolia
6274.0,brunfelsia,lactea
6275.0,brunfelsia,portoricensis
6277.0,buchanania,engleriana
6278.0,buchanania,merrillii
6279.0,buchanania,palawensis
6283.0,buchenavia,tetraphylla
6284.0,bucida,buceras
6294.0,bunchosia,glandulifera
6295.0,bunchosia,glandulosa
6297.0,bunchosia,polystachia
6299.0,burckella,richii
854.0,bursera,simaruba
5328.0,butia,capitata
6303.0,buxus,laevigata
5329.0,buxus,sempervirens
6306.0,buxus,vahlii
6308.0,byrsonima,crassifolia
6311.0,byrsonima,lucida
6313.0,byrsonima,spicata
6315.0,byrsonima,wadsworthii
6317.0,caesalpinia,coriaria
6318.0,caesalpinia,kavaiensis
6319.0,caesalpinia,pulcherrima
6320.0,caesalpinia,sappan
6316.0,caesalpinia,spp.
6325.0,calliandra,surinamensis
6326.0,callicarpa,ampla
6328.0,callistemon,citrinus
6329.0,callistemon,viminalis
6331.0,callitris,columellaris
81.0,calocedrus,decurrens
6338.0,calophyllum,antillanum
6341.0,calophyllum,inophyllum
6342.0,calophyllum,neo-ebudicum
6343.0,calophyllum,pelewense
6344.0,calophyllum,soulattri
6346.0,calotropis,procera
6350.0,calycophyllum,candidissimum
6351.0,calyptranthes,kiaerskovii
6352.0,calyptranthes,krugii
6353.0,calyptranthes,luquillensis
6354.0,calyptranthes,pallens
6355.0,calyptranthes,portoricensis
6356.0,calyptranthes,sintenisii
6358.0,calyptranthes,thomasiana
6359.0,calyptranthes,zuzygium
6360.0,calyptronoma,rivalis
5363.0,camellia,japonica
5364.0,camellia,sinensis
6366.0,campnosperma,brevipetiolatum
6370.0,cananga,odorata
6373.0,canarium,hirsutum
6374.0,canarium,indicum
6372.0,canarium,mafoa
6375.0,canarium,ovatum
6378.0,canarium,vitiense
6379.0,canarium,vulgare
6380.0,canella,winteriana
6383.0,capparis,amplissima
6384.0,capparis,baducca
6386.0,capparis,cynophallophora
6387.0,capparis,flexuosa
6389.0,capparis,hastata
6390.0,capparis,indica
5375.0,caragana,arborescens
6393.0,carapa,guianensis
6395.0,carica,papaya
6397.0,carmona,retusa
5378.0,carpinus,betulus
391.0,carpinus,caroliniana
409.0,carya,alba
401.0,carya,aquatica
413.0,carya,carolinae-septentrionalis
402.0,carya,cordiformis
411.0,carya,floridana
403.0,carya,glabra
404.0,carya,illinoinensis
405.0,carya,laciniosa
406.0,carya,myristiciformis
412.0,carya,ovalis
407.0,carya,ovata
410.0,carya,pallida
408.0,carya,texana
6399.0,caryota,mitis
6401.0,caryota,urens
6402.0,casearia,aculeata
6403.0,casearia,arborea
6405.0,casearia,cauliflora
6406.0,casearia,decandra
6407.0,casearia,guianensis
6410.0,casearia,sylvestris
6415.0,cassia,fistula
6417.0,cassia,grandis
6418.0,cassia,javanica
6419.0,cassia,leptophylla
6425.0,cassine,xylocarpa
6427.0,cassipourea,guianensis
5401.0,castanea,crenata
421.0,castanea,dentata
424.0,castanea,mollissima
422.0,castanea,pumila
423.0,castanea,pumila
5402.0,castanea,sativa
6429.0,castela,erecta
6430.0,castilla,elastica
6433.0,casuarina,cunninghamiana
6434.0,casuarina,equisetifolia
856.0,casuarina,glauca
857.0,casuarina,lepidophloia
6437.0,casuarina,litorea
451.0,catalpa,bignonioides
6439.0,catalpa,longissima
5411.0,catalpa,ovata
452.0,catalpa,speciosa
6441.0,cecropia,obtusifolia
6443.0,cecropia,schreberiana
6445.0,cedrela,odorata
5420.0,cedrus,atlantica
5423.0,cedrus,deodara
5421.0,cedrus,libani
6447.0,ceiba,acuminata
6448.0,ceiba,aesculifolia
6449.0,ceiba,pentandra
461.0,celtis,laevigata
462.0,celtis,occidentalis
6452.0,celtis,paniculata
6458.0,celtis,sinensis
6454.0,celtis,trinervia
6457.0,ceratonia,siliqua
6460.0,cerbera,floribunda
6461.0,cerbera,manghas
6462.0,cerbera,odollam
5435.0,cercidiphyllum,japonicum
471.0,cercis,canadensis
5436.0,cercis,orbiculata
475.0,cercocarpus,ledifolius
6468.0,cereus,hexagonus
6469.0,cereus,hildmannianus
6472.0,ceriops,tagal
6473.0,cestrum,aurantiacum
6474.0,cestrum,diurnum
6475.0,cestrum,laurifolium
6477.0,cestrum,nocturnum
41.0,chamaecyparis,lawsoniana
42.0,chamaecyparis,nootkatensis
5443.0,chamaecyparis,obtusa
5444.0,chamaecyparis,pisifera
43.0,chamaecyparis,thyoides
6480.0,chamaerops,humilis
6481.0,chamaesyce,articulata
6482.0,chamaesyce,atrococca
6483.0,chamaesyce,celastroides
6492.0,chamaesyce,herbstii
6493.0,chamaesyce,kuwaleana
6494.0,chamaesyce,olowaluana
6495.0,chamaesyce,rockii
6497.0,charpentiera,densiflora
6498.0,charpentiera,elliptica
6499.0,charpentiera,obovata
6500.0,charpentiera,ovata
6504.0,charpentiera,tomentosa
6507.0,cheirodendron,dominii
6508.0,cheirodendron,fauriei
6509.0,cheirodendron,forbesii
6510.0,cheirodendron,platyphyllum
6514.0,cheirodendron,trigynum
6517.0,chenopodium,oahuense
6519.0,chionanthus,axilliflorus
6520.0,chionanthus,compactus
6521.0,chionanthus,domingensis
6522.0,chionanthus,holdridgei
6523.0,chionanthus,ligustrinus
6524.0,chionanthus,retusus
6525.0,chionanthus,vitiensis
6526.0,chione,seminervis
6528.0,chione,venosa
6529.0,chlorophora,excelsa
6532.0,chorisia,speciosa
6535.0,chrysobalanus,icaco
431.0,chrysolepis,chrysophylla
6539.0,chrysophyllum,argenteum
6541.0,chrysophyllum,cainito
6542.0,chrysophyllum,oliviforme
6543.0,chrysophyllum,pauciflorum
6546.0,cibotium,chamissoi
6547.0,cibotium,glaucum
6545.0,cibotium,heleniae
6548.0,cibotium,menziesii
6549.0,cibotium,spp.
6552.0,cinchona,pubescens
6554.0,cinnamomum,aromaticum
6555.0,cinnamomum,burmannii
858.0,cinnamomum,camphora
6557.0,cinnamomum,carolinense
6559.0,cinnamomum,elongatum
6560.0,cinnamomum,montanum
6561.0,cinnamomum,pedatinervium
6562.0,cinnamomum,sessilifolium
6564.0,cinnamomum,verum
6565.0,citharexylum,caudatum
6567.0,citharexylum,spinosum
6570.0,citronella,samoensis
6572.0,citrus,aurantifolia
6579.0,citrus,hystrix
6580.0,citrus,macroptera
6581.0,citrus,maxima
6582.0,citrus,medica
6583.0,citrus,mitis
6584.0,citrus,reticulata
860.0,citrus,spp.
6573.0,citrus,xaurantiifolia
6574.0,citrus,xaurantium
6575.0,citrus,xlimon
6576.0,citrus,xparadisi
6577.0,citrus,xsinensis
481.0,cladrastis,kentukea
6586.0,claoxylon,carolinianum
6588.0,claoxylon,fallax
6589.0,claoxylon,longiracemosum
6590.0,claoxylon,marianum
6591.0,claoxylon,sandwicense
6593.0,cleistanthus,carolinianus
6594.0,cleistanthus,insularis
6597.0,clermontia,arborescens
6601.0,clermontia,clermontioides
6604.0,clermontia,drepanomorpha
6605.0,clermontia,fauriei
6606.0,clermontia,grandiflora
6610.0,clermontia,hawaiiensis
6611.0,clermontia,kakeana
6612.0,clermontia,kohalae
6596.0,clermontia,leptoclada
6613.0,clermontia,lindseyana
6614.0,clermontia,micrantha
6615.0,clermontia,montis-loa
6616.0,clermontia,oblongifolia
6620.0,clermontia,pallida
6621.0,clermontia,parviflora
6622.0,clermontia,peleana
6625.0,clermontia,persicifolia
6626.0,clermontia,pyrularia
6627.0,clermontia,singuliflora
6628.0,clermontia,spp.
6629.0,clermontia,tuberculata
6630.0,clermontia,waimeae
6631.0,clerodendrum,aculeatum
5523.0,clerodendrum,bungei
6633.0,clerodendrum,glabrum
6635.0,clerodendrum,macrostegium
6636.0,clerodendrum,spp.
5529.0,clethra,acuminata
6637.0,cleyera,albopunctata
6639.0,clibadium,erosum
6641.0,clidemia,cymosa
6645.0,clinostigma,carolinense
6644.0,clitoria,fairchildiana
6646.0,clusia,clusioides
6648.0,clusia,gundlachii
6650.0,clusia,minor
6651.0,clusia,rosea
6655.0,cnidoscolus,aconitifolius
6658.0,coccoloba,costata
863.0,coccoloba,diversifolia
6660.0,coccoloba,krugii
6661.0,coccoloba,microstachya
6662.0,coccoloba,pallida
6663.0,coccoloba,pubescens
6664.0,coccoloba,pyrifolia
6665.0,coccoloba,rugosa
6666.0,coccoloba,sintenisii
6668.0,coccoloba,swartzii
6669.0,coccoloba,tenuifolia
6670.0,coccoloba,uvifera
6671.0,coccoloba,venosa
907.0,coccothrinax,argentata
6673.0,coccothrinax,barbadensis
6679.0,cochlospermum,vitifolium
908.0,cocos,nucifera
6683.0,codiaeum,variegatum
6684.0,coffea,arabica
6686.0,coffea,liberica
6685.0,coffea,robusta
6688.0,cojoba,arborea
6689.0,cola,acuminata
6691.0,colona,scabra
6693.0,colubrina,arborescens
864.0,colubrina,elliptica
6697.0,colubrina,oppositifolia
5559.0,colutea,arborescens
6703.0,commersonia,bartramia
6705.0,comocladia,dodonaea
6706.0,comocladia,glabra
867.0,condalia,hookeri
987.0,conocarpus,erectus
6710.0,conostegia,rufescens
6711.0,consolea,moniliformis
6712.0,consolea,rubescens
6714.0,copaifera,officinalis
6716.0,coprosma,foliosa
6717.0,coprosma,kauensis
6718.0,coprosma,longifolia
6719.0,coprosma,montana
6720.0,coprosma,ochracea
6721.0,coprosma,pubens
6722.0,coprosma,rhynchocarpa
6724.0,coprosma,spp.
6726.0,coprosma,waimeae
6728.0,cordia,alliodora
6729.0,cordia,aspera
8651.0,cordia,boissieri
6730.0,cordia,borinquensis
6731.0,cordia,collococca
6733.0,cordia,dichotoma
6735.0,cordia,laevigata
6736.0,cordia,micronesica
6737.0,cordia,obliqua
6738.0,cordia,rickseckeri
865.0,cordia,sebestena
6742.0,cordia,subcordata
6743.0,cordia,sulcata
6744.0,cordyline,fruticosa
6745.0,cordyline,spp.
6748.0,cornus,drummondii
491.0,cornus,florida
5591.0,cornus,kousa
492.0,cornus,nuttallii
6746.0,cornutia,obovata
6747.0,cornutia,pyramidata
5600.0,corylus,colurna
6749.0,corymbia,calophylla
6750.0,corymbia,citriodora
6751.0,corymbia,ficifolia
6752.0,corymbia,gummifera
6754.0,corynocarpus,laevigatus
5603.0,cotinus,coggygria
996.0,cotinus,obovatus
6756.0,couroupita,guianensis
503.0,crataegus,brainerdii
504.0,crataegus,calpodendron
505.0,crataegus,chrysocarpa
501.0,crataegus,crus-galli
506.0,crataegus,dilatata
507.0,crataegus,flabellata
502.0,crataegus,mollis
508.0,crataegus,monogyna
509.0,crataegus,pedicellata
500.0,crataegus,spp.
5092.0,crataegus,succulenta
5093.0,crataegus,uniflora
6758.0,crateva,religiosa
6760.0,crescentia,alata
6761.0,crescentia,cujete
6762.0,crescentia,linearifolia
6763.0,crescentia,portoricensis
6765.0,critonia,portoricensis
6767.0,crossopetalum,rhacoma
6769.0,crossostylis,biflora
6771.0,crotalaria,longirostrata
6773.0,croton,astroites
6774.0,croton,flavens
6775.0,croton,poecilanthus
6779.0,cryptocarya,elegans
6781.0,cryptocarya,mannii
6778.0,cryptocarya,oreophila
6784.0,cryptocarya,turbinata
6786.0,cryptomeria,japonica
5776.0,cudrania,tricuspidata
6788.0,cunninghamia,lanceolata
6790.0,cupania,americana
6792.0,cupania,triquetra
866.0,cupaniopsis,anacardioides
5800.0,cupressocyparis,leylandii
51.0,cupressus,arizonica
52.0,cupressus,bakeri
53.0,cupressus,forbesii
6795.0,cupressus,lusitanica
56.0,cupressus,macnabiana
54.0,cupressus,macrocarpa
55.0,cupressus,sargentii
6796.0,cupressus,sempervirens
6800.0,cyanea,aculeatiflora
6801.0,cyanea,arborea
6802.0,cyanea,fissa
6805.0,cyanea,floribunda
6806.0,cyanea,giffardii
6807.0,cyanea,hamatiflora
6810.0,cyanea,hardyi
6811.0,cyanea,horrida
6812.0,cyanea,kuhihewa
6813.0,cyanea,kunthiana
6814.0,cyanea,leptostegia
6815.0,cyanea,macrostegia
6818.0,cyanea,marksii
6819.0,cyanea,pilosa
6822.0,cyanea,pohaku
6823.0,cyanea,procera
6824.0,cyanea,pycnocarpa
6825.0,cyanea,quercifolia
6826.0,cyanea,rivularis
6827.0,cyanea,solenocalyx
6828.0,cyanea,spp.
6829.0,cyanea,stictophylla
6830.0,cyanea,superba
6833.0,cyanea,tritomantha
6834.0,cyathea,andina
6835.0,cyathea,arborea
6837.0,cyathea,cooperi
6838.0,cyathea,decurrens
6839.0,cyathea,furfuracea
6840.0,cyathea,lunulata
6841.0,cyathea,medullaris
6842.0,cyathea,nigricans
6843.0,cyathea,parvula
6844.0,cyathea,ponapeana
6848.0,cyathea,tenera
6849.0,cyathea,truncata
6850.0,cybianthus,sintenisii
6852.0,cycas,circinalis
6853.0,cycas,revoluta
6855.0,cyclophyllum,barbatum
5818.0,cydonia,oblonga
6857.0,cynometra,portoricensis
6858.0,cynometra,ramiflora
6859.0,cynometra,yokotae
6860.0,cyphomandra,betacea
6862.0,cyrilla,racemiflora
6865.0,cyrtandra,giffardii
6864.0,cyrtandra,ramosissima
6867.0,dacryodes,excelsa
6868.0,dalbergia,retusa
6869.0,dalbergia,sissoo
6870.0,dalbergia,tucurensis
6871.0,daphnopsis,americana
6872.0,daphnopsis,helleriana
6873.0,daphnopsis,philippiana
6875.0,delissea,fallax
6876.0,delissea,laciniata
6877.0,delissea,niihauensis
6880.0,delissea,parviflora
6881.0,delissea,spp.
6882.0,delissea,undulata
6883.0,delonix,regia
6885.0,dendrocnide,harveyi
6886.0,dendrocnide,latifolia
6888.0,dendropanax,arboreus
6889.0,dendropanax,laurifolius
6891.0,dictyosperma,album
6896.0,dillenia,indica
6898.0,dillenia,suffruticosa
6899.0,dimocarpus,longan
6900.0,diospyros,blancoi
6902.0,diospyros,discolor
6904.0,diospyros,elliptica
6905.0,diospyros,ferrea
6906.0,diospyros,hillebrandii
6907.0,diospyros,kaki
6909.0,diospyros,revoluta
6910.0,diospyros,samoensis
6911.0,diospyros,sandwicensis
6912.0,diospyros,sintenisii
522.0,diospyros,texana
521.0,diospyros,virginiana
6921.0,discocalyx,ponapensis
6923.0,ditta,myricoides
6927.0,dodonaea,viscosa
6928.0,dolichandrone,spathacea
6930.0,dovyalis,hebecarpa
6932.0,dracaena,fragrans
6933.0,dracaena,multiflora
6934.0,dracaena,reflexa
6937.0,drypetes,alba
6935.0,drypetes,carolinensis
6936.0,drypetes,dolichocarpa
6938.0,drypetes,glauca
6939.0,drypetes,ilicifolia
6940.0,drypetes,lateriflora
6941.0,drypetes,nitida
6943.0,drypetes,vitiensis
6949.0,drypetes,yapensis
6947.0,dubautia,arborea
6944.0,dubautia,demissifolia
6945.0,dubautia,fallax
6948.0,dubautia,knudsenii
6952.0,dubautia,microcephala
6946.0,dubautia,montana
6953.0,dubautia,plantaginea
6957.0,dubautia,reticulata
6958.0,dubautia,spp.
6961.0,duranta,erecta
6965.0,durio,zibethinus
6966.0,dypsis,lutescens
6968.0,dysoxylum,huntii
6969.0,dysoxylum,maota
6972.0,dysoxylum,mollissimum
6970.0,dysoxylum,samoense
868.0,ebenopsis,ebano
523.0,ehretia,anacua
997.0,elaeagnus,angustifolia
6973.0,elaeis,guineensis
6975.0,elaeocarpus,bifidus
6976.0,elaeocarpus,carolinensis
6977.0,elaeocarpus,floridanus
6978.0,elaeocarpus,graeffei
6979.0,elaeocarpus,grandis
6980.0,elaeocarpus,joga
6981.0,elaeocarpus,kerstingianus
6974.0,elaeocarpus,kusaiensis
6982.0,elaeocarpus,kusanoi
6984.0,elaeocarpus,tonganus
6985.0,elaeocarpus,ulianus
6990.0,elattostachys,falcata
6994.0,endiandra,elaeocarpa
6996.0,enterolobium,cyclocarpum
6997.0,eriobotrya,deflexa
6998.0,eriobotrya,japonica
7000.0,erithalis,fruticosa
7004.0,erythrina,berteriana
7005.0,erythrina,corallodendron
7003.0,erythrina,coralloides
7006.0,erythrina,crista-galli
7007.0,erythrina,eggersii
7008.0,erythrina,fusca
7011.0,erythrina,poeppigiana
7012.0,erythrina,sandwicensis
7014.0,erythrina,subumbrans
7015.0,erythrina,variegata
7016.0,erythrina,variegata
7017.0,erythrospermum,acuminatissimum
7019.0,erythroxylum,areolatum
7021.0,erythroxylum,rotundifolium
7022.0,erythroxylum,rufum
7024.0,erythroxylum,urbanii
7025.0,eucalyptus,botryoides
7026.0,eucalyptus,bridgesiana
512.0,eucalyptus,camaldulensis
7028.0,eucalyptus,cinerea
7030.0,eucalyptus,cladocalyx
7035.0,eucalyptus,cordata
7031.0,eucalyptus,cornuta
7032.0,eucalyptus,crebra
7033.0,eucalyptus,deanei
7034.0,eucalyptus,deglupta
511.0,eucalyptus,globulus
7038.0,eucalyptus,gomphocephala
7039.0,eucalyptus,goniocalyx
513.0,eucalyptus,grandis
7041.0,eucalyptus,hemiphloia
7036.0,eucalyptus,leucoxylon
7043.0,eucalyptus,maculata
7044.0,eucalyptus,marginata
7045.0,eucalyptus,microcorys
7046.0,eucalyptus,paniculata
7047.0,eucalyptus,pilularis
7040.0,eucalyptus,polyanthemos
7048.0,eucalyptus,raveretiana
7049.0,eucalyptus,resinifera
514.0,eucalyptus,robusta
7051.0,eucalyptus,rudis
7052.0,eucalyptus,salicifolia
7053.0,eucalyptus,saligna
7054.0,eucalyptus,sideroxylon
510.0,eucalyptus,spp.
7056.0,eucalyptus,tereticornis
7057.0,eucalyptus,viminalis
7060.0,eugenia,axillaris
7061.0,eugenia,biflora
7062.0,eugenia,boqueronensis
7063.0,eugenia,borinquensis
7065.0,eugenia,caryophyllus
7066.0,eugenia,confusa
7067.0,eugenia,cordata
7068.0,eugenia,cordata
7069.0,eugenia,corozalensis
7071.0,eugenia,domingensis
7072.0,eugenia,eggersii
7075.0,eugenia,glabrata
7076.0,eugenia,haematocarpa
7079.0,eugenia,koolauensis
7081.0,eugenia,ligustrina
7084.0,eugenia,monticola
7086.0,eugenia,nitida
7087.0,eugenia,palauensis
7088.0,eugenia,palumbis
7089.0,eugenia,procera
7090.0,eugenia,pseudopsidium
7091.0,eugenia,reinwardtiana
873.0,eugenia,rhombea
7093.0,eugenia,serrasuela
7094.0,eugenia,sessiliflora
7096.0,eugenia,spp.
7098.0,eugenia,stahlii
7100.0,eugenia,stewardsonii
7101.0,eugenia,suzukii
7102.0,eugenia,thompsonii
7103.0,eugenia,underwoodii
7104.0,eugenia,uniflora
7105.0,eugenia,xerophytica
7123.0,euodia,hortensis
7124.0,euodia,nitida
7125.0,euodia,palawensis
7126.0,euodia,ponapensis
7128.0,euodia,trichantha
7109.0,euphorbia,cotinifolia
7110.0,euphorbia,haeleeleana
7111.0,euphorbia,lactea
7112.0,euphorbia,neriifolia
7113.0,euphorbia,petiolaris
7114.0,euphorbia,pulcherrima
7115.0,euphorbia,spp.
7116.0,euphorbia,tirucalli
7119.0,eurya,sandwicensis
7129.0,excoecaria,agallocha
7131.0,exocarpos,gaudichaudii
7133.0,exorrhiza,ponapensis
7135.0,exostema,caribaeum
7136.0,exostema,ellipticum
7137.0,exostema,sanctae-luciae
874.0,exothea,paniculata
7141.0,fagraea,berteroana
7142.0,fagraea,ksid
531.0,fagus,grandifolia
5983.0,fagus,sylvatica
7144.0,falcataria,moluccana
915.0,family arecaceae,not listed above
7146.0,faramea,occidentalis
7147.0,feijoa,sellowiana
7148.0,ficus,americana
876.0,ficus,aurea
7153.0,ficus,auriculata
7149.0,ficus,benghalensis
7150.0,ficus,benjamina
7151.0,ficus,carica
877.0,ficus,citrifolia
7152.0,ficus,copiosa
7154.0,ficus,drupacea
7155.0,ficus,elastica
7156.0,ficus,godeffroyi
7158.0,ficus,lutea
7159.0,ficus,lyrata
7160.0,ficus,microcarpa
7162.0,ficus,nota
7163.0,ficus,obliqua
7164.0,ficus,obtusifolia
7165.0,ficus,prolixa
7166.0,ficus,religiosa
7167.0,ficus,rubiginosa
7168.0,ficus,saffordii
7169.0,ficus,scabra
7171.0,ficus,spp.
7173.0,ficus,stahlii
7174.0,ficus,sycomorus
7175.0,ficus,thonningii
7176.0,ficus,tinctoria
7177.0,ficus,trigonata
7178.0,ficus,uniauriculata
7179.0,ficus,virens
7180.0,finschia,chloroxantha
7181.0,firmiana,simplex
7182.0,fitchia,speciosa
7184.0,flacourtia,indica
7185.0,flacourtia,inermis
7186.0,flacourtia,rukam
7188.0,flindersia,brayleyana
7190.0,flueggea,acidoton
7191.0,flueggea,flexuosa
7192.0,flueggea,neowawraea
7194.0,forestiera,eggersiana
7195.0,forestiera,rhamnifolia
7196.0,forestiera,segregata
7198.0,fortunella,margarita
7202.0,frangula,sphaerosperma
7203.0,franklinia,alatamaha
541.0,fraxinus,americana
5491.0,fraxinus,berlandieriana
548.0,fraxinus,caroliniana
5492.0,fraxinus,excelsior
542.0,fraxinus,latifolia
543.0,fraxinus,nigra
5493.0,fraxinus,oxycarpa
544.0,fraxinus,pennsylvanica
545.0,fraxinus,profunda
546.0,fraxinus,quadrangulata
549.0,fraxinus,texensis
7206.0,fraxinus,uhdei
547.0,fraxinus,velutina
7207.0,fuchsia,boliviana
7208.0,fuchsia,paniculata
7210.0,funtumia,elastica
7212.0,garcinia,dulcis
7213.0,garcinia,hessii
7214.0,garcinia,mangostana
7215.0,garcinia,matsudai
7216.0,garcinia,myrtifolia
7217.0,garcinia,ponapensis
7218.0,garcinia,portoricensis
7220.0,garcinia,quadrilocularis
7219.0,garcinia,rumiyo
7223.0,garcinia,xanthochymus
7224.0,gardenia,brighamii
7225.0,gardenia,mannii
7226.0,gardenia,remyi
7227.0,gardenia,spp.
7228.0,gardenia,taitensis
7229.0,garuga,floribunda
7231.0,gaussia,attenuata
7233.0,geniostoma,rupestre
7235.0,genipa,americana
7237.0,gesneria,pedunculosa
561.0,ginkgo,biloba
7239.0,ginoria,rohrii
7241.0,gironniera,celtidifolia
551.0,gleditsia,aquatica
552.0,gleditsia,triacanthos
7245.0,gliricidia,sepium
7247.0,glochidion,cuspidatum
7257.0,glochidion,kanehirae
7248.0,glochidion,marianum
7250.0,glochidion,spp.
7255.0,glycosmis,parviflora
7251.0,gmelina,elliptica
7252.0,gmelina,palawensis
7254.0,gnetum,gnemon
7256.0,goetzea,elegans
7258.0,gomidesia,lindeniana
7260.0,goniothalamus,carolinensis
555.0,gordonia,lasianthus
7262.0,gossypium,barbadense
7264.0,gossypium,hirsutum
7268.0,graffenrieda,ottoschulzii
7272.0,grevillea,banksii
7273.0,grevillea,robusta
7279.0,guaiacum,officinale
7280.0,guaiacum,sanctum
7282.0,guamia,mariannae
882.0,guapira,discolor
7285.0,guapira,fragrans
7286.0,guapira,obtusata
7288.0,guarea,glabra
7290.0,guarea,guidonia
7294.0,guatteria,blainii
7295.0,guatteria,caribaea
7298.0,guazuma,ulmifolia
7299.0,guettarda,elliptica
7300.0,guettarda,krugii
7302.0,guettarda,odorata
7303.0,guettarda,ovalifolia
7305.0,guettarda,pungens
7306.0,guettarda,scabra
7307.0,guettarda,speciosa
7309.0,guettarda,valenzuelana
7311.0,guioa,rhoifolia
7313.0,gulubia,palauensis
7315.0,gyminda,latifolia
7317.0,gymnanthes,lucida
571.0,gymnocladus,dioicus
7319.0,gyrocarpus,americanus
7321.0,haematoxylum,campechianum
7327.0,haenianthus,salicifolius
581.0,halesia,carolina
582.0,halesia,diptera
7328.0,halesia,tetraptera
7330.0,hamelia,patens
7332.0,haplolobus,floribundus
7333.0,harpephyllum,caffrum
7334.0,harpullia,arborea
7335.0,havardia,pallens
7336.0,hebestigma,cubense
7338.0,hedycarya,denticulata
7341.0,hedyosmum,arborescens
7343.0,hedyotis,fosbergii
7344.0,hedyotis,hillebrandii
7345.0,hedyotis,spp.
7346.0,hedyotis,terminalis
7347.0,helicteres,jamaicensis
7349.0,heliocarpus,popayanensis
7353.0,henriettea,fascicularis
7354.0,henriettea,macfadyenii
7355.0,henriettea,membranifolia
7357.0,henriettea,squamulosum
7359.0,heritiera,littoralis
7360.0,heritiera,longipetiolata
7368.0,hernandia,labyrinthica
7363.0,hernandia,moerenhoutiana
7364.0,hernandia,nymphaeifolia
7365.0,hernandia,ovigera
7366.0,hernandia,sonora
7370.0,hesperomannia,arborescens
7371.0,hesperomannia,arbuscula
7372.0,hesperomannia,lydgatei
7374.0,heteromeles,arbutifolia
7377.0,heterospathe,elata
7381.0,hevea,brasiliensis
7384.0,hibiscadelphus,bombycinus
7385.0,hibiscadelphus,crucibracteatus
7386.0,hibiscadelphus,distans
7387.0,hibiscadelphus,giffardianus
7388.0,hibiscadelphus,hualalaiensis
7389.0,hibiscadelphus,puakuahiwi
7391.0,hibiscadelphus,wilderianus
7392.0,hibiscadelphus,woodii
7393.0,hibiscus,arnottianus
7397.0,hibiscus,brackenridgei
7401.0,hibiscus,calyphyllus
7402.0,hibiscus,clayi
7403.0,hibiscus,elatus
7404.0,hibiscus,kokio
7407.0,hibiscus,macrophyllus
7408.0,hibiscus,mutabilis
7409.0,hibiscus,pernambucensis
7410.0,hibiscus,rosa-sinensis
7412.0,hibiscus,tiliaceus
7413.0,hibiscus,waimeae
883.0,hippomane,mancinella
7418.0,hirtella,rugosa
7420.0,hirtella,triandra
8008.0,homalanthus,acuminatus
8009.0,homalanthus,nutans
7422.0,homalium,racemosum
7424.0,homalium,whitmeeanum
7427.0,horsfieldia,amklaal
7428.0,horsfieldia,novoguineensis
7429.0,horsfieldia,nunu
7430.0,horsfieldia,palauensis
7432.0,hovenia,dulcis
7433.0,howeia,forsteriana
7434.0,hura,crepitans
7438.0,hyeronima,clusioides
7442.0,hymenaea,courbaril
7445.0,hypelate,trifoliata
7446.0,hyperbaena,laurifolia
7453.0,ilex,anomala
7454.0,ilex,aquifolium
7455.0,ilex,cassine
7456.0,ilex,cookii
7457.0,ilex,guianensis
7458.0,ilex,macfadyenii
7459.0,ilex,nitida
591.0,ilex,opaca
7460.0,ilex,paraguariensis
7462.0,ilex,sideroxyloides
7463.0,ilex,sintenisii
7465.0,ilex,urbaniana
7469.0,ilex,vomitoria
7472.0,inga,edulis
7470.0,inga,laurina
7471.0,inga,nobilis
7467.0,inga,spp.
7474.0,inga,vera
7475.0,inocarpus,fagifer
7477.0,intsia,bijuga
7479.0,ixora,ferrea
7481.0,ixora,thwaitesii
7482.0,jacaranda,mimosifolia
7485.0,jacquinia,armillaris
7487.0,jacquinia,berteroi
7491.0,jatropha,curcas
7492.0,jatropha,hernandiifolia
7493.0,jatropha,multifida
604.0,juglans,californica
601.0,juglans,cinerea
603.0,juglans,hindsii
7495.0,juglans,jamaicensis
606.0,juglans,major
605.0,juglans,microcarpa
602.0,juglans,nigra
7496.0,juglans,regia
61.0,juniperus,ashei
62.0,juniperus,californica
7489.0,juniperus,chinensis
59.0,juniperus,coahuilensis
63.0,juniperus,deppeana
60.0,juniperus,flaccida
69.0,juniperus,monosperma
64.0,juniperus,occidentalis
65.0,juniperus,osteosperma
58.0,juniperus,pinchotii
66.0,juniperus,scopulorum
67.0,juniperus,virginiana
68.0,juniperus,virginiana
7497.0,kayea,pacifica
7499.0,khaya,anthotheca
7501.0,khaya,senegalensis
7503.0,kigelia,africana
7506.0,kleinhovia,hospita
7507.0,koelreuteria,bipinnata
7515.0,koelreuteria,paniculata
7509.0,kokia,cookei
7510.0,kokia,drynarioides
7511.0,kokia,kauaiensis
7512.0,kokia,lanceolata
7514.0,krugiodendron,ferreum
7516.0,kunzea,ericoides
7518.0,labordia,fagraeoidea
7519.0,labordia,hedyosmifolia
7520.0,labordia,hirtella
7521.0,labordia,kaalae
7522.0,labordia,lydgatei
7523.0,labordia,spp.
7524.0,labordia,tinifolia
7528.0,labordia,triflora
7529.0,labordia,waiolani
7531.0,laburnum,anagyroides
7530.0,laetia,procera
7532.0,lagerstroemia,indica
7533.0,lagerstroemia,speciosa
988.0,laguncularia,racemosa
7539.0,lansium,domesticum
7541.0,laplacea,portoricensis
6212.0,larix,decidua
74.0,larix,kaempferi
71.0,larix,laricina
72.0,larix,lyallii
73.0,larix,occidentalis
75.0,larix,sibirica
70.0,larix,spp.
7543.0,latania,loddigesii
7550.0,lawsonia,inermis
7552.0,leandra,krugiana
7556.0,leptocereus,quadricostatus
7558.0,leptospermum,morrisonii
7559.0,leptospermum,petersonii
7560.0,leptospermum,polygalifolim
7561.0,leptospermum,scoparium
7562.0,leptospermum,spp.
7565.0,leucaena,leucocephala
869.0,leucaena,pulverulenta
7567.0,leucaena,retusa
7569.0,licaria,brittoniana
7570.0,licaria,parvifolia
7573.0,licaria,triandra
7577.0,ligustrum,japonicum
7578.0,ligustrum,lucidum
7579.0,ligustrum,ovalifolium
7571.0,liquidambar,orientalis
611.0,liquidambar,styraciflua
621.0,liriodendron,tulipifera
7583.0,litchi,chinensis
631.0,lithocarpus,densiflorus
7586.0,litsea,samoensis
7588.0,livistona,chinensis
7590.0,lonchocarpus,domingensis
7591.0,lonchocarpus,glaucifolius
7592.0,lonchocarpus,heptaphyllus
7595.0,lophostemon,confertus
7600.0,luehea,speciosa
7602.0,lumnitzera,littorea
7606.0,lunania,ekmanii
7608.0,lyonia,rubiginosa
884.0,lysiloma,latisiliquum
7614.0,macadamia,integrifolia
7617.0,macadamia,tetraphylla
7618.0,macaranga,carolinensis
7619.0,macaranga,grayana
7620.0,macaranga,harveyana
7621.0,macaranga,mappa
7625.0,macaranga,stipulosa
7626.0,macaranga,tanarius
7627.0,macaranga,thompsonii
7628.0,machaerium,lunatum
7630.0,machaonia,portoricensis
641.0,maclura,pomifera
7632.0,maclura,tinctoria
7633.0,maesopsis,eminii
651.0,magnolia,acuminata
655.0,magnolia,fraseri
652.0,magnolia,grandiflora
654.0,magnolia,macrophylla
7635.0,magnolia,portoricensis
657.0,magnolia,pyramidata
7637.0,magnolia,sieboldii
7636.0,magnolia,splendens
7631.0,magnolia,stellata
658.0,magnolia,tripetala
653.0,magnolia,virginiana
7634.0,magnolia,x soulangiana
7639.0,mallotus,philippensis
7642.0,mallotus,tiliifolius
7644.0,malpighia,emarginata
7645.0,malpighia,fucata
7646.0,malpighia,glabra
7647.0,malpighia,infestissima
7648.0,malpighia,linearis
662.0,malus,angustifolia
7649.0,malus,baccata
663.0,malus,coronaria
7650.0,malus,floribunda
661.0,malus,fusca
664.0,malus,ioensis
7651.0,malus,pumila
660.0,malus,spp.
7652.0,mammea,americana
7653.0,mammea,glauca
7654.0,mammea,odorata
885.0,mangifera,indica
7657.0,mangifera,minor
7658.0,mangifera,odorata
7660.0,manihot,carthaginensis ssp. glaziovii
7662.0,manilkara,bidentata
7663.0,manilkara,bidentata
7664.0,manilkara,dissecta
7666.0,manilkara,hoshinoi
7667.0,manilkara,jaimiqui
7669.0,manilkara,pleeana
7672.0,manilkara,udoido
7673.0,manilkara,valenzuela
7674.0,manilkara,zapota
7677.0,mappia,racemosa
7679.0,maranthes,corymbosa
7682.0,margaritaria,nobilis
7684.0,marlierea,sintenisii
7688.0,matayba,apetala
7689.0,matayba,domingensis
7694.0,maytenus,boaria
7695.0,maytenus,cymosa
7697.0,maytenus,elongata
7698.0,maytenus,laevigata
715.0,maytenus,palauica
7699.0,maytenus,ponceana
7700.0,maytenus,thompsonii
7702.0,mecranium,latifolium
7704.0,medusanthera,carolinensis
7705.0,medusanthera,samoensis
7715.0,melaleuca,linariifolia
992.0,melaleuca,quinquenervia
7710.0,melanolepis,multiglandulosa
993.0,melia,azedarach
7717.0,melicoccus,bijugatus
7719.0,melicope,anisata
7720.0,melicope,balloui
7721.0,melicope,barbigera
7722.0,melicope,christophersenii
7723.0,melicope,cinerea
7724.0,melicope,clusiifolia
7725.0,melicope,cruciata
7726.0,melicope,elliptica
7727.0,melicope,haleakalae
7728.0,melicope,haupuensis
7729.0,melicope,hawaiensis
7730.0,melicope,hiiakae
7731.0,melicope,hosakae
7732.0,melicope,kaalaensis
7733.0,melicope,knudsenii
7750.0,melicope,latifolia
7734.0,melicope,macropus
7735.0,melicope,makahae
7736.0,melicope,molokaiensis
7737.0,melicope,mucronulata
7738.0,melicope,oahuensis
7739.0,melicope,obovata
7740.0,melicope,orbicularis
7741.0,melicope,ovalis
7742.0,melicope,ovata
7743.0,melicope,pallida
7744.0,melicope,paniculata
7745.0,melicope,peduncularis
7746.0,melicope,pseudoanisata
7747.0,melicope,puberula
7748.0,melicope,quadrangularis
7749.0,melicope,radiata
7751.0,melicope,rotundifolia
7752.0,melicope,saint-johnii
7753.0,melicope,sandwicensis
7754.0,melicope,spp.
7755.0,melicope,volcanica
7756.0,melicope,waialealae
7757.0,melicope,wawraeana
7758.0,melicope,zahlbruckneri
7759.0,melicytus,samoensis
7763.0,meliosma,herbertii
7764.0,meliosma,obtusifolia
7766.0,melochia,aristata
7768.0,melochia,tomentosa
7769.0,melochia,umbellata
7770.0,melochia,villosissima
7771.0,melochia,villosissima
7774.0,merrilliodendron,megacarpum
7776.0,meryta,macrophylla
7777.0,meryta,senfftiana
7779.0,metasequoia,glyptostroboides
886.0,metopium,toxiferum
7781.0,metrosideros,collina
7782.0,metrosideros,macropus
7783.0,metrosideros,polymorpha
7792.0,metrosideros,rugosa
7794.0,metrosideros,tremuloides
7795.0,metrosideros,waialealae
7798.0,metroxylon,amicarum
7799.0,metroxylon,sagu
7801.0,michelia,champaca
7804.0,miconia,affinis
7805.0,miconia,calvescens
7806.0,miconia,foveolata
7807.0,miconia,impetiolaris
7808.0,miconia,laevigata
7803.0,miconia,lanata
7810.0,miconia,mirabilis
7812.0,miconia,pachyphylla
7813.0,miconia,prasina
7814.0,miconia,punctata
7815.0,miconia,pycnoneura
7816.0,miconia,racemosa
7817.0,miconia,rubiginosa
7818.0,miconia,serrulata
7819.0,miconia,sintenisii
7821.0,miconia,subcorymbosa
7822.0,miconia,tetrandra
7823.0,miconia,thomasiana
7824.0,micromelum,minutum
7828.0,micropholis,garciniifolia
7829.0,micropholis,guyanensis
7831.0,millettia,pinnata
7833.0,mimosa,arenosa
7835.0,mimusops,elengi
7839.0,monodora,spp.
7841.0,montanoa,hibiscifolia
7845.0,morella,cerifera
7846.0,morella,faya
7847.0,morella,holdridgeana
7849.0,morinda,citrifolia
7850.0,morinda,latibractea
7851.0,morinda,pedunculata
7853.0,morinda,trimera
7855.0,moringa,oleifera
7857.0,morisonia,americana
681.0,morus,alba
683.0,morus,microphylla
684.0,morus,nigra
682.0,morus,rubra
7862.0,mouriri,domingensis
7863.0,mouriri,helleri
7865.0,munroidendron,racemosum
7867.0,muntingia,calabura
7869.0,murraya,exotica
7870.0,murraya,koenigii
7881.0,mussaenda,raiateensis
7861.0,myoporum,laetum
7883.0,myoporum,sandwicense
7886.0,myrcia,citrifolia
7887.0,myrcia,deflexa
7888.0,myrcia,fallax
7889.0,myrcia,leptoclada
7890.0,myrcia,paganii
7891.0,myrcia,splendens
7893.0,myrcianthes,fragrans
7894.0,myrciaria,cauliflora
7895.0,myrciaria,floribunda
7899.0,myrica,rubra
7902.0,myristica,hypargyraea
7903.0,myristica,insularis
7906.0,myristica,inutilis
7905.0,myrospermum,frutescens
7907.0,myroxylon,balsamum
7910.0,myrsine,alyxifolia
7911.0,myrsine,coriacea
7912.0,myrsine,cubana
7913.0,myrsine,degeneri
7914.0,myrsine,emarginata
7915.0,myrsine,fernseei
7916.0,myrsine,fosbergii
7918.0,myrsine,helleri
7919.0,myrsine,kauaiensis
7920.0,myrsine,knudsenii
7921.0,myrsine,lanaiensis
7922.0,myrsine,lessertiana
7923.0,myrsine,mezii
7929.0,myrsine,palauensis
7924.0,myrsine,petiolata
7925.0,myrsine,pukooensis
7926.0,myrsine,sandwicensis
7928.0,myrsine,wawraea
7932.0,nectandra,coriacea
7933.0,nectandra,hihua
7934.0,nectandra,krugii
7935.0,nectandra,membranacea
7936.0,nectandra,patens
7939.0,nectandra,turbacensis
7940.0,neea,buxifolia
7944.0,neolamarckia,cadamba
7946.0,neolaugeria,resinosa
7948.0,neonauclea,forsteri
7952.0,nephelium,lappaceum
7953.0,nephelium,ramboutan-ake
7954.0,neraudia,melastomifolia
7958.0,nesoluma,polynesicum
7960.0,nestegis,sandwicensis
7962.0,neuburgia,celebica
7964.0,nicotiana,glauca
7966.0,nothocestrum,breviflorum
7967.0,nothocestrum,latifolium
7968.0,nothocestrum,longifolium
7969.0,nothocestrum,peltatum
7971.0,nototrichium,humile
7972.0,nototrichium,sandwicense
691.0,nyssa,aquatica
694.0,nyssa,biflora
692.0,nyssa,ogeche
693.0,nyssa,sylvatica
7976.0,ochna,mossambicensis
7978.0,ochna,thomasiana
7980.0,ochroma,pyramidale
7982.0,ochrosia,compta
7983.0,ochrosia,haleakalae
7984.0,ochrosia,kauaiensis
7985.0,ochrosia,kilaueaensis
7987.0,ochrosia,mariannensis
7942.0,ochrosia,oppositifolia
7990.0,ocotea,floribunda
7991.0,ocotea,foeniculacea
7994.0,ocotea,leucoxylon
7996.0,ocotea,moschata
7997.0,ocotea,nemodaphne
7999.0,ocotea,portoricensis
8001.0,ocotea,spathulata
8003.0,ocotea,wrightii
8004.0,olea,europaea
8019.0,ormosia,calavensis
8020.0,ormosia,krugii
8022.0,osmoxylon,oliveri
8023.0,osmoxylon,pachyphyllum
718.0,osmoxylon,truncatum
701.0,ostrya,virginiana
8027.0,ottoschulzia,rhodoxylon
8029.0,ouratea,ilicifolia
8030.0,ouratea,littoralis
8032.0,ouratea,striata
8033.0,oxandra,lanceolata
8034.0,oxandra,laurifolia
711.0,oxydendrum,arboreum
8036.0,pachira,aquatica
8037.0,pachira,insignis
8074.0,palaquium,karrak
8044.0,palaquium,stehlinii
8045.0,palicourea,alpina
8047.0,palicourea,crocea
8049.0,palicourea,croceoides
8051.0,palicourea,guianensis
8054.0,pandanus,aimiriikensis
8055.0,pandanus,cominsii
8060.0,pandanus,dubius
8053.0,pandanus,japensis
8067.0,pandanus,kanehirae
8072.0,pandanus,macrojeanneretia
8076.0,pandanus,palawensis
8077.0,pandanus,patina
8078.0,pandanus,peliliuensis
8082.0,pandanus,reineckei
8084.0,pandanus,spp.
8085.0,pandanus,tectorius
8088.0,pandanus,utilis
8091.0,pangium,edule
8099.0,parathesis,crenulata
8103.0,parinari,insularum
8104.0,parinari,laurina
8107.0,parkia,korom
8108.0,parkia,parvifoliola
8106.0,parkia,spp.
8110.0,parkia,timoriana
8111.0,parkinsonia,aculeata
8112.0,parkinsonia,spp.
8115.0,parkinsonia,texana
8113.0,parmentiera,aculeata
8114.0,parmentiera,cereifera
712.0,paulownia,tomentosa
8121.0,peltophorum,pterocarpum
8123.0,pemphis,acidula
8125.0,pentadesma,butyracea
8127.0,pera,bumeliifolia
8129.0,pericopsis,mooniana
8131.0,perrottetia,sandwicensis
7211.0,persea,americana
721.0,persea,borbonia
8134.0,persea,krugii
6511.0,persea,palustris
8138.0,persea,urbaniana
8141.0,petitia,domingensis
8146.0,phaleria,nisidai
6516.0,phellodendron,amurense
8143.0,phialanthus,grandifolius
8144.0,phialanthus,myrtilloides
8151.0,phoenix,canariensis
8152.0,phoenix,dactylifera
8150.0,phoenix,roebelenii
8154.0,phoenix,sylvestris
8155.0,photinia,davidiana
8157.0,phyllanthus,acidus
8159.0,phyllanthus,distichus
8160.0,phyllanthus,juglandifolius
8162.0,phyllanthus,orbicularis
91.0,picea,abies
92.0,picea,breweriana
93.0,picea,engelmannii
94.0,picea,glauca
6533.0,picea,glehnii
95.0,picea,mariana
6538.0,picea,omorika
96.0,picea,pungens
97.0,picea,rubens
98.0,picea,sitchensis
8164.0,picramnia,pentandra
8167.0,picrasma,excelsa
8169.0,pictetia,aculeata
8171.0,pilocarpus,racemosus
8173.0,pilosocereus,royenii
8175.0,pimenta,dioica
8177.0,pimenta,racemosa
8178.0,pimenta,racemosa
8181.0,pinanga,insignis
101.0,pinus,albicaulis
102.0,pinus,aristata
135.0,pinus,arizonica
103.0,pinus,attenuata
104.0,pinus,balfouriana
105.0,pinus,banksiana
8200.0,pinus,bungeana
8201.0,pinus,canariensis
8183.0,pinus,caribaea
140.0,pinus,cembroides
107.0,pinus,clausa
108.0,pinus,contorta
109.0,pinus,coulteri
8189.0,pinus,densiflora
134.0,pinus,discolor
110.0,pinus,echinata
106.0,pinus,edulis
111.0,pinus,elliottii
144.0,pinus,elliottii
112.0,pinus,engelmannii
113.0,pinus,flexilis
115.0,pinus,glabra
8202.0,pinus,halepensis
116.0,pinus,jeffreyi
117.0,pinus,lambertiana
118.0,pinus,leiophylla
142.0,pinus,longaeva
8184.0,pinus,massoniana
8185.0,pinus,merkusii
133.0,pinus,monophylla
143.0,pinus,monophylla
119.0,pinus,monticola
120.0,pinus,muricata
136.0,pinus,nigra
8186.0,pinus,oocarpa
121.0,pinus,palustris
8197.0,pinus,parviflora
8187.0,pinus,patula
8188.0,pinus,pinaster
8203.0,pinus,pinea
122.0,pinus,ponderosa
123.0,pinus,pungens
138.0,pinus,quadrifolia
124.0,pinus,radiata
141.0,pinus,remota
125.0,pinus,resinosa
126.0,pinus,rigida
8182.0,pinus,roxburghii
127.0,pinus,sabiniana
128.0,pinus,serotina
114.0,pinus,strobiformis
129.0,pinus,strobus
130.0,pinus,sylvestris
131.0,pinus,taeda
8198.0,pinus,thunbergii
139.0,pinus,torreyana
132.0,pinus,virginiana
137.0,pinus,washoensis
8190.0,piper,aduncum
8191.0,piper,amalago
8192.0,piper,blattarum
8196.0,piper,marginatum
8199.0,piper,swartzianum
8205.0,pipturus,albidus
8206.0,pipturus,argenteus
8208.0,piscidia,carthagenensis
887.0,piscidia,piscipula
8211.0,pisonia,albida
8212.0,pisonia,brunoniana
8213.0,pisonia,grandis
8214.0,pisonia,sandwicensis
8216.0,pisonia,subcordata
8217.0,pisonia,umbellifera
8218.0,pisonia,wagneriana
8219.0,pistacia,chinensis
8220.0,pithecellobium,dulce
8223.0,pithecellobium,unguis-cati
8226.0,pittosporum,argentifolium
8227.0,pittosporum,confertiflorum
8225.0,pittosporum,ferrugineum
8228.0,pittosporum,flocculosum
8229.0,pittosporum,gayanum
8230.0,pittosporum,glabrum
8231.0,pittosporum,halophilum
8232.0,pittosporum,hawaiiense
8233.0,pittosporum,hosmeri
8234.0,pittosporum,kauaiense
8224.0,pittosporum,monae
8235.0,pittosporum,napaliense
8236.0,pittosporum,pentandrum
8238.0,pittosporum,spp.
8239.0,pittosporum,terminalioides
8222.0,pittosporum,tobira
8240.0,pittosporum,undulatum
8241.0,pittosporum,viridiflorum
8242.0,planchonella,garberi
8243.0,planchonella,grayana
8244.0,planchonella,linggensis
8303.0,planchonella,obovata
8248.0,planchonella,torricellensis
722.0,planera,aquatica
8253.0,platanus,hybrida
8256.0,platanus,mexicana
731.0,platanus,occidentalis
8254.0,platanus,orientalis
730.0,platanus,racemosa
732.0,platanus,wrightii
8249.0,platycladus,orientalis
8250.0,platydesma,remyi
8251.0,platydesma,spathulata
8255.0,pleodendron,macranthum
8257.0,pleomele,aurea
8258.0,pleomele,auwahiensis
8259.0,pleomele,fernaldii
8260.0,pleomele,forbesii
8261.0,pleomele,halapepe
8262.0,pleomele,hawaiiensis
8266.0,plumeria,alba
8268.0,plumeria,obtusa
8269.0,plumeria,obtusa
8271.0,plumeria,rubra
8273.0,podocarpus,coriaceus
8274.0,podocarpus,macrophyllus
8275.0,poitea,florida
8279.0,polygala,cowellii
8280.0,polygala,penaea
8283.0,polyscias,grandifolia
8284.0,polyscias,guilfoylei
8285.0,polyscias,macgillivrayi
8286.0,polyscias,nodosa
8287.0,polyscias,samoensis
8288.0,polyscias,scutellaria
8289.0,polyscias,spp.
8290.0,pometia,pinnata
8292.0,ponapea,hosinoi
8293.0,ponapea,ledermanniana
8296.0,poncirus,trifoliata
8295.0,pongamia,pinnata
752.0,populus,alba
749.0,populus,angustifolia
741.0,populus,balsamifera
747.0,populus,balsamifera
742.0,populus,deltoides
748.0,populus,fremontii
743.0,populus,grandidentata
744.0,populus,heterophylla
753.0,populus,nigra
746.0,populus,tremuloides
8313.0,populus,x canadensis
8314.0,populus,x canescens
8297.0,pouteria,caimito
8298.0,pouteria,calcarea
8299.0,pouteria,campechiana
8300.0,pouteria,dictyoneura
8301.0,pouteria,hotteana
8302.0,pouteria,multiflora
8304.0,pouteria,sandwicensis
8305.0,pouteria,sapota
8307.0,premna,obtusifolia
8308.0,premna,pubescens
8309.0,premna,serratifolia
8311.0,prestoea,acuminata
8315.0,pritchardia,affinis
8316.0,pritchardia,arecina
8317.0,pritchardia,beccariana
8318.0,pritchardia,forbesiana
8319.0,pritchardia,hardyi
8320.0,pritchardia,hillebrandii
8321.0,pritchardia,kaalae
8322.0,pritchardia,lanaiensis
8323.0,pritchardia,lanigera
8324.0,pritchardia,limahuliensis
8325.0,pritchardia,lowreyana
8326.0,pritchardia,martii
8327.0,pritchardia,minor
8328.0,pritchardia,munroi
8329.0,pritchardia,pacifica
8330.0,pritchardia,perlmanii
8331.0,pritchardia,remota
8336.0,pritchardia,schattaueri
8337.0,pritchardia,spp.
8338.0,pritchardia,viscosa
8339.0,pritchardia,waialealeana
8340.0,prockia,crucis
8342.0,prosopis,cineraria
756.0,prosopis,glandulosa
8343.0,prosopis,juliflora
8344.0,prosopis,pallida
758.0,prosopis,pubescens
757.0,prosopis,velutina
769.0,prunus,alleghaniensis
766.0,prunus,americana
770.0,prunus,angustifolia
8350.0,prunus,armeniaca
771.0,prunus,avium
8345.0,prunus,caroliniana
8348.0,prunus,cerasifera
772.0,prunus,cerasus
773.0,prunus,domestica
8351.0,prunus,dulcis
768.0,prunus,emarginata
6696.0,prunus,laurocerasus
774.0,prunus,mahaleb
6708.0,prunus,mexicana
8346.0,prunus,myrtifolia
765.0,prunus,nigra
8347.0,prunus,occidentalis
761.0,prunus,pensylvanica
764.0,prunus,persica
8360.0,prunus,salicina
762.0,prunus,serotina
8349.0,prunus,serotina
6707.0,prunus,serrulata
760.0,prunus,spp.
763.0,prunus,virginiana
8357.0,prunus,x yedoensis
8352.0,pseudolmedia,spuria
8353.0,pseudophoenix,sargentii
201.0,pseudotsuga,macrocarpa
202.0,pseudotsuga,menziesii
8354.0,psidium,amplexicaule
8355.0,psidium,cattleianum
8356.0,psidium,guajava
8358.0,psidium,longipes
8359.0,psidium,sintenisii
8361.0,psychotria,berteriana
8362.0,psychotria,brachiata
8363.0,psychotria,brownei
8368.0,psychotria,carolinensis
8413.0,psychotria,cheathamiana
8364.0,psychotria,domingensis
8365.0,psychotria,fauriei
8366.0,psychotria,grandiflora
8367.0,psychotria,grandis
8369.0,psychotria,greenwelliae
8370.0,psychotria,hathewayi
8373.0,psychotria,hawaiiensis
8377.0,psychotria,hexandra
8382.0,psychotria,hexandra
8386.0,psychotria,hobdyi
8387.0,psychotria,insularum
8388.0,psychotria,kaduana
8389.0,psychotria,maleolens
8390.0,psychotria,mariana
8391.0,psychotria,maricaensis
8392.0,psychotria,mariniana
8393.0,psychotria,mauiensis
8395.0,psychotria,nutans
8397.0,psychotria,pubescens
8398.0,psychotria,rhombocarpa
8399.0,psychotria,rotensis
8400.0,psychotria,spp.
8401.0,psychotria,wawrae
6381.0,psydrax,merrillii
8402.0,psydrax,odorata
8404.0,pteralyxia,kauaiensis
8405.0,pteralyxia,macrocarpa
8407.0,pterocarpus,indicus
8408.0,pterocarpus,macrocarpus
8409.0,pterocarpus,marsupium
8410.0,pterocarpus,officinalis
8411.0,pterocarya,stenoptera
8412.0,ptychococcus,ledermannianus
8415.0,ptychosperma,macarthuri
8416.0,ptychosperma,palauense
8419.0,punica,granatum
8421.0,pyrus,calleryana
8423.0,pyrus,communis
8426.0,pyrus,pyrifolia
8420.0,pyrus,spp.
8422.0,quararibea,turbinata
8427.0,quercus,acutissima
801.0,quercus,agrifolia
802.0,quercus,alba
803.0,quercus,arizonica
6768.0,quercus,arkansana
8429.0,quercus,austrina
804.0,quercus,bicolor
8513.0,quercus,buckleyi
8437.0,quercus,cerris
805.0,quercus,chrysolepis
806.0,quercus,coccinea
807.0,quercus,douglasii
809.0,quercus,ellipsoidalis
810.0,quercus,emoryi
811.0,quercus,engelmannii
812.0,quercus,falcata
8438.0,quercus,fusiformis
814.0,quercus,gambelii
815.0,quercus,garryana
8441.0,quercus,geminata
6782.0,quercus,georgiana
851.0,quercus,graciliformis
8511.0,quercus,gravesii
846.0,quercus,grisea
8449.0,quercus,hemisphaerica
843.0,quercus,hypoleucoides
8450.0,quercus,ilex
816.0,quercus,ilicifolia
817.0,quercus,imbricaria
842.0,quercus,incana
818.0,quercus,kelloggii
8514.0,quercus,laceyi
819.0,quercus,laevis
820.0,quercus,laurifolia
821.0,quercus,lobata
822.0,quercus,lyrata
823.0,quercus,macrocarpa
840.0,quercus,margarettiae
824.0,quercus,marilandica
825.0,quercus,michauxii
841.0,quercus,minima
826.0,quercus,muehlenbergii
6791.0,quercus,myrtifolia
827.0,quercus,nigra
829.0,quercus,oblongifolia
844.0,quercus,oglethorpensis
813.0,quercus,pagoda
830.0,quercus,palustris
6794.0,quercus,petraea
831.0,quercus,phellos
8512.0,quercus,polymorpha
845.0,quercus,prinoides
832.0,quercus,prinus
6797.0,quercus,robur
8492.0,quercus,robusta
833.0,quercus,rubra
847.0,quercus,rugosa
834.0,quercus,shumardii
836.0,quercus,similis
808.0,quercus,sinuata
6799.0,quercus,sinuata
8487.0,quercus,sinuata
835.0,quercus,stellata
8424.0,quercus,suber
8455.0,quercus,tardifolia
828.0,quercus,texana
8461.0,quercus,vaseyana
837.0,quercus,velutina
838.0,quercus,virginiana
839.0,quercus,wislizeni
8425.0,randia,aculeata
8430.0,rapanea,myricifolia
8432.0,rauvolfia,insularis
8433.0,rauvolfia,nitida
8434.0,rauvolfia,sandwicensis
8431.0,rauvolfia,vomitoria
8436.0,ravenala,madagascariensis
8439.0,ravenia,urbanii
8440.0,reynoldsia,lanutoensis
8442.0,reynoldsia,sandwicensis
8444.0,reynosia,guama
8445.0,reynosia,krugii
8447.0,reynosia,uncinata
6918.0,rhamnus,cathartica
8456.0,rheedia,edulis
8458.0,rhizophora,apiculata
8460.0,rhizophora,lamarckii
989.0,rhizophora,mangle
8462.0,rhizophora,mucronata
8464.0,rhizophora,stylosa
8471.0,rhododendron,catawbiense
8466.0,rhodomyrtus,tomentosa
8470.0,rhus,lancea
8479.0,rhus,lanceolata
8467.0,rhus,sandwicensis
8469.0,rhus,taitensis
8472.0,ricinus,communis
8474.0,rinorea,carolinensis
902.0,robinia,neomexicana
901.0,robinia,pseudoacacia
8476.0,rochefortia,acanthophora
8478.0,rochefortia,spinosa
8480.0,rollinia,deliciosa
8481.0,rollinia,mucosa
8483.0,rondeletia,inermis
8484.0,rondeletia,pilosa
8485.0,rondeletia,portoricensis
8489.0,roystonea,borinquena
8490.0,roystonea,elata
8491.0,roystonea,oleracea
909.0,roystonea,spp.
8494.0,sabal,causiarum
911.0,sabal,mexicana
8495.0,sabal,minor
912.0,sabal,palmetto
8499.0,sagraea,umbrosa
927.0,salix,alba
921.0,salix,amygdaloides
924.0,salix,bonplandiana
925.0,salix,caroliniana
6954.0,salix,elaeagnos
6955.0,salix,fragilis
8501.0,salix,humboldtiana
8504.0,salix,lasiolepis
922.0,salix,nigra
926.0,salix,pyrifolia
928.0,salix,scouleriana
929.0,salix,sepulcralis
8524.0,salix,sericea
8503.0,samadera,indica
8505.0,samanea,saman
8556.0,samyda,dodecandra
8515.0,sandoricum,koetjape
8518.0,santalum,album
8516.0,santalum,ellipticum
8517.0,santalum,freycinetianum
8521.0,santalum,haleakalae
8522.0,santalum,paniculatum
8525.0,santalum,salicifolium
8528.0,sapindus,oahuense
919.0,sapindus,saponaria
8529.0,sapindus,saponaria
8532.0,sapindus,vitiensis
8533.0,sapium,glandulosum
8535.0,sapium,laurifolium
8536.0,sapium,laurocerasus
8544.0,sarcopygme,pacifica
931.0,sassafras,albidum
8546.0,savia,sessiliflora
8554.0,schaefferia,frutescens
888.0,schefflera,actinophylla
8557.0,schefflera,gleasonii
8553.0,schefflera,kraemeri
8558.0,schefflera,morototonii
8559.0,schefflera,samoensis
8561.0,schinus,molle
8563.0,schinus,terebinthifolius
8565.0,schizolobium,parahybum
8567.0,schleichera,oleosa
7564.0,schleinitzia,fosbergii
8571.0,schoepfia,arenaria
8572.0,schoepfia,obovata
8573.0,schoepfia,schreberi
8577.0,scyphiphora,hydrophyllacea
8583.0,securinega,flexuosa
8585.0,semecarpus,kraemeri
8586.0,semecarpus,venenosa
8588.0,senna,alata
8589.0,senna,atomaria
7023.0,senna,corymbosa
8590.0,senna,gaudichaudii
8591.0,senna,multijuga
8592.0,senna,pendula
8594.0,senna,polyphylla
8595.0,senna,septemtrionalis
8596.0,senna,siamea
8597.0,senna,spectabilis
8598.0,senna,spp.
8599.0,senna,sulfurea
8600.0,senna,surattensis
211.0,sequoia,sempervirens
212.0,sequoiadendron,giganteum
8601.0,serianthes,kanehirae
8603.0,serianthes,nelsonii
8605.0,sesbania,grandiflora
8606.0,sesbania,sesban
8608.0,shirakiopsis,indica
8612.0,sideroxylon,celastrinum
8611.0,sideroxylon,cubense
890.0,sideroxylon,foetidissimum
8618.0,sideroxylon,laetevirens
381.0,sideroxylon,lanuginosum
8615.0,sideroxylon,lycioides
8613.0,sideroxylon,obovatum
8621.0,sideroxylon,persimile
8614.0,sideroxylon,portoricense
891.0,sideroxylon,salicifolium
8616.0,sideroxylon,tenax
895.0,simarouba,glauca
8617.0,simarouba,spp.
8619.0,simarouba,tulae
8620.0,siphoneugena,densiflora
8623.0,sloanea,amygdalina
8624.0,sloanea,berteriana
8622.0,sloanea,spp.
8628.0,solanum,americanum
8626.0,solanum,bahamense
8627.0,solanum,donianum
8629.0,solanum,erianthum
8631.0,solanum,mauritianum
8632.0,solanum,nudum
8633.0,solanum,polygamum
8634.0,solanum,rugosum
8636.0,solanum,torvum
8639.0,sonneratia,alba
870.0,sophora,affinis
8641.0,sophora,chrysophylla
8648.0,sophora,secundiflora
8643.0,sophora,tomentosa
935.0,sorbus,americana
936.0,sorbus,aucuparia
937.0,sorbus,decora
8660.0,soulamea,amara
8644.0,spathodea,campanulata
8646.0,spiraeanthemum,samoense
8649.0,spondias,dulcis
8650.0,spondias,mombin
8656.0,spondias,pinnata
8652.0,spondias,purpurea
8654.0,stahlia,monosperma
8655.0,stemonurus,ammui
8664.0,sterculia,apetala
8665.0,sterculia,fanaiho
8666.0,sterculia,foetida
8667.0,sterculia,palauensis
8868.0,sterculia,ponapensis
8675.0,stewartia,koreana
8668.0,stewartia,malacodendron
8672.0,stewartia,ovata
8669.0,streblus,anthropophagorum
8670.0,streblus,pendulinus
8647.0,styphnolobium,japonicum
8673.0,styrax,americanus
7083.0,styrax,grandifolius
8674.0,styrax,portoricensis
8676.0,suriana,maritima
8679.0,swietenia,macrophylla
940.0,swietenia,mahagoni
8678.0,swietenia,spp.
8686.0,syagrus,romanzoffiana
8683.0,symplocos,lanata
8684.0,symplocos,martinicensis
8685.0,symplocos,micrantha
8687.0,symplocos,racemosa
8689.0,syncarpia,glomulifera
8691.0,synsepalum,dulcificum
7092.0,syringa,reticulata
8694.0,syzygium,aqueum
8695.0,syzygium,brevifolium
8696.0,syzygium,carolinense
8697.0,syzygium,clusiifolium
896.0,syzygium,cumini
8699.0,syzygium,dealatum
8698.0,syzygium,grande
8700.0,syzygium,inophylloides
8701.0,syzygium,jambos
8702.0,syzygium,malaccense
8707.0,syzygium,paniculatum
8703.0,syzygium,richii
8704.0,syzygium,samarangense
8705.0,syzygium,samoense
8706.0,syzygium,sandwicense
8708.0,syzygium,spp.
7099.0,syzygium,stelechanthum
8709.0,tabebuia,chrysantha
8710.0,tabebuia,donnell-smithii
8712.0,tabebuia,haemantha
8713.0,tabebuia,heterophylla
8714.0,tabebuia,pallida
8715.0,tabebuia,rigida
8716.0,tabebuia,rosea
8717.0,tabebuia,schumanniana
8719.0,tabernaemontana,aurantiaca
8720.0,tabernaemontana,citrifolia
8722.0,tabernaemontana,pandacaqui
8723.0,tabernaemontana,rotensis
897.0,tamarindus,indica
8737.0,tarenna,sambucina
222.0,taxodium,ascendens
221.0,taxodium,distichum
223.0,taxodium,mucronatum
8738.0,taxus,baccata
231.0,taxus,brevifolia
8739.0,taxus,cuspidata
232.0,taxus,floridana
8741.0,tecoma,castanifolia
8743.0,tecoma,stans
8744.0,tectona,grandis
8749.0,terminalia,carolinensis
8750.0,terminalia,catappa
8751.0,terminalia,crassipes
8752.0,terminalia,edulis
8754.0,terminalia,ivorensis
8755.0,terminalia,kaernbachii
8753.0,terminalia,litoralis
8756.0,terminalia,myriocarpa
8757.0,terminalia,oblonga
8758.0,terminalia,richii
8759.0,terminalia,samoensis
8748.0,terminalia,spp.
8761.0,terminalia,superba
8762.0,ternstroemia,heptasepala
8763.0,ternstroemia,luquillensis
8764.0,ternstroemia,peduncularis
8766.0,ternstroemia,stahlii
8767.0,ternstroemia,subsessilis
8768.0,tetragastris,balsamifera
8770.0,tetraplasandra,flynnii
8771.0,tetraplasandra,gymnocarpa
8772.0,tetraplasandra,hawaiensis
8773.0,tetraplasandra,kavaiensis
8774.0,tetraplasandra,oahuensis
8776.0,tetraplasandra,waialealae
8777.0,tetraplasandra,waimeae
8778.0,tetrazygia,angustifolia
8779.0,tetrazygia,bicolor
8780.0,tetrazygia,biflora
8781.0,tetrazygia,elaeagnoides
8783.0,tetrazygia,urbanii
8784.0,theobroma,cacao
8786.0,thespesia,grandiflora
8787.0,thespesia,populnea
8789.0,thevetia,peruviana
8793.0,thouinia,striata
8794.0,thouinia,striata
913.0,thrinax,morrisii
914.0,thrinax,radiata
241.0,thuja,occidentalis
242.0,thuja,plicata
8803.0,tibouchina,granulosa
951.0,tilia,americana
952.0,tilia,americana
953.0,tilia,americana
8813.0,tilia,cordata
8814.0,tilia,tomentosa
8799.0,timonius,albus
8806.0,timonius,corymbosus
8800.0,timonius,ledermanii
8807.0,timonius,mollis
8801.0,timonius,ponapensis
8808.0,timonius,spp.
8809.0,timonius,subauritus
8810.0,timonius,timon
8815.0,tipuana,tipu
8812.0,toona,ciliata
8811.0,toona,spp.
8816.0,torralbasia,cuneifolia
251.0,torreya,californica
252.0,torreya,taxifolia
8824.0,tournefortia,argentea
8825.0,tournefortia,filiflora
8821.0,trachycarpus,fortunei
998.0,tree,broadleaf
299.0,tree,evergreen
999.0,tree,unknown
8827.0,trema,cannabina
8828.0,trema,lamarckianum
8829.0,trema,micranthum
8831.0,trema,orientalis
994.0,triadica,sebifera
8833.0,trichilia,hirta
8834.0,trichilia,pallida
8836.0,trichilia,triacantha
8837.0,trichospermum,ikutai
8838.0,trichospermum,ledermannii
8839.0,trichospermum,richii
8842.0,triphasia,trifolia
8844.0,triplaris,cumingiana
8843.0,triplaris,spp.
8846.0,tristiropsis,obtusangula
8848.0,trophis,racemosa
8849.0,trukia,carolinensis
261.0,tsuga,canadensis
262.0,tsuga,caroliniana
263.0,tsuga,heterophylla
264.0,tsuga,mertensiana
8850.0,turpinia,occidentalis
971.0,ulmus,alata
972.0,ulmus,americana
973.0,ulmus,crassifolia
8862.0,ulmus,davidiana
8851.0,ulmus,parvifolia
8852.0,ulmus,procera
974.0,ulmus,pumila
975.0,ulmus,rubra
976.0,ulmus,serotina
977.0,ulmus,thomasii
981.0,umbellularia,californica
8859.0,ungnadia,speciosa
8853.0,urera,baccifera
8854.0,urera,caracasana
8855.0,urera,chlorocarpa
8856.0,urera,glabra
8857.0,urera,kaalae
8860.0,vaccinium,arboreum
8861.0,vangueria,madagascariensis
8863.0,vavaea,pauciflora
8866.0,veitchia,merrillii
995.0,vernicia,fordii
8869.0,vernicia,montana
8880.0,viburnum,sieboldii
8871.0,vitex,agnus-castus
8872.0,vitex,cofassus
8873.0,vitex,divaricata
7199.0,vitex,negundo
8874.0,vitex,parviflora
8876.0,vitex,trifolia
8881.0,wallenia,lamarckiana
8883.0,washingtonia,filifera
8885.0,washingtonia,robusta
8886.0,weinmannia,affinis
8887.0,weinmannia,pinnata
8889.0,wikstroemia,bicornuta
8890.0,wikstroemia,furcata
8891.0,wikstroemia,monticola
8892.0,wikstroemia,oahuensis
8895.0,wikstroemia,phillyreifolia
8896.0,wikstroemia,pulcherrima
8897.0,wikstroemia,sandwicensis
8898.0,wikstroemia,skottsbergiana
8899.0,wikstroemia,spp.
8900.0,wikstroemia,villosa
8901.0,ximenia,americana
8903.0,xylocarpus,granatum
8904.0,xylocarpus,moluccensis
8906.0,xylosma,buxifolia
8902.0,xylosma,congestum
8907.0,xylosma,crenata
8908.0,xylosma,hawaiiensis
8909.0,xylosma,nelsonii
8910.0,xylosma,pachyphylla
8911.0,xylosma,samoensis
8912.0,xylosma,schaefferioides
8913.0,xylosma,schwaneckeana
8916.0,yucca,aloifolia
8917.0,yucca,faxoniana
8918.0,yucca,gloriosa
8919.0,yucca,guatemalensis
8923.0,zanthoxylum,bifoliolatum
8924.0,zanthoxylum,caribaeum
8925.0,zanthoxylum,dipetalum
8928.0,zanthoxylum,flavum
8929.0,zanthoxylum,hawaiiense
8930.0,zanthoxylum,kauaense
8931.0,zanthoxylum,martinicense
8932.0,zanthoxylum,monophyllum
8933.0,zanthoxylum,oahuense
8934.0,zanthoxylum,punctatum
8935.0,zanthoxylum,spinifex
8937.0,zanthoxylum,thomasianum
8938.0,zapoteca,portoricensis
7243.0,zelkova,serrata
8939.0,ziziphus,mauritiana
8940.0,ziziphus,reticulata
8941.0,ziziphus,rignonii
8943.0,ziziphus,taylorii
