abies,amabilis,abam
abies,balsamea,abba
abies,bracteata,abbr
abies,concolor,abco
abies,fraseri,abfr
abies,grandis,abgr
abies,lasiocarpa,ablaa
abies,lasiocarpa,abla
abies,magnifica,abma
abies,procera,abpr
abies,shastensis,absh
acacia,anegadensis,acan4
acacia,aneura,acan10
acacia,auriculiformis,acau
acacia,confusa,acco
acacia,dealbata,acde3
acacia,decurrens,acde
acacia,farnesiana,acfa
acacia,koa,acko
acacia,koaia,acko2
acacia,longifolia,aclo
acacia,macracantha,acma
acacia,mangium,acma12
acacia,mearnsii,acme80
acacia,melanoxylon,acme
acacia,muricata,acmu
acacia,nilotica,acni2
acacia,parramattensis,acpa81
acacia,polyacantha,acpo3
acacia,spp.,acaci
acacia,tortuosa,acto
acacia,verticillata,acve2
acer,barbatum,acba3
acer,campestre,acca5
acer,circinatum,acci
acer,ginnala,acgi
acer,grandidentatum,acgr3
acer,griseum,acgr14
acer,leucoderme,acle
acer,macrophyllum,acma3
acer,miyabei,acmi7
acer,mono,acmo10
acer,negundo,acne2
acer,nigrum,acni5
acer,palmatum,acpa2
acer,pensylvanicum,acpe
acer,platanoides,acpl
acer,platanoides x truncatum,acpl2
acer,pseudoplatanus,acps
acer,rubrum,acru
acer,saccharinum,acsa2
acer,saccharum,acsa3
acer,spicatum,acsp2
acer,tataricum,acta80
acer,triflorum,actr7
acer,x freemanii,acfr
acnistus,arborescens,acar
acoelorraphe,wrightii,acwr4
acrocomia,media,acme2
adansonia,digitata,addi3
adelia,ricinella,adri
adenanthera,pavonina,adpa
aegiphila,martinicensis,aema
aesculus,californica,aeca
aesculus,flava,aefl
aesculus,glabra,aegl
aesculus,glabra,aegla
aesculus,hippocastanum,aehi
aesculus,parviflora,aepa2
afrocarpus,falcatus,affa
afrocarpus,gracilior,afgr
agathis,australis,agau4
agathis,robusta,agro6
aglaia,mariannensis,agma14
aglaia,ponapensis,agpo4
aglaia,samoensis,agsa9
aidia,cochinchinensis,aico2
aidia,racemosa,aira2
ailanthus,altissima,aial
aiphanes,minima,aimi
albizia,adinocephala,alad
albizia,carbonaria,alca8
albizia,chinensis,alch2
albizia,julibrissin,alju
albizia,lebbeck,alle
albizia,procera,alpr
albizia,retusa,alre
albizia,saponaria,alsa10
alchornea,latifolia,alla
alchorneopsis,floribunda,alfl3
alectryon,macrococcus,alma
aleurites,moluccana,almo2
aleurites,trisperma,altr11
allophylus,crassinervis,alcr9
allophylus,racemosus,alra
allophylus,ternatus,alte13
allophylus,timorensis,alti2
alnus,cordata,alco13
alnus,glutinosa,algl2
alnus,incana,alin2
alnus,nepalensis,alne2
alnus,oblongifolia,alob2
alnus,rhombifolia,alrh2
alnus,rubra,alru2
alnus,viridis,alvi5
alphitonia,carolinensis,alca21
alphitonia,ponderosa,alpo3
alphitonia,zizyphoides,alzi
alsophila,bryophila,albr4
alsophila,portoricensis,alpo7
alstonia,macrophylla,alma16
alstonia,pacifica,alpa22
amelanchier,arborea,amar3
amelanchier,laevis,amla
amelanchier,sanguinea,amsa
amelanchier,spp.,amela
amphitecna,latifolia,amla4
amyris,balsamifera,amba2
amyris,elemifera,amel
anacardium,occidentale,anoc
anacardium,spp.,anaca
anacolosa,glochidiiformis,angl5
anacolosa,insularis,anin13
anadenanthera,peregrina,anpe13
andira,inermis,anin
aniba,bracteata,anbr7
annona,cherimola,anch9
annona,diversifolia,andi11
annona,glabra,angl4
annona,montana,anmo
annona,muricata,anmu2
annona,reticulata,anre
annona,squamosa,ansq
antidesma,bunius,anbu3
antidesma,kapuae,anka
antidesma,kusaiense,anku3
antidesma,platyphyllum,anpl2
antidesma,pulvinatum,anpu2
antirhea,acutata,anac4
antirhea,coriacea,anco3
antirhea,inconspicua,anin2
antirhea,lucida,anlu3
antirhea,obtusifolia,anob2
antirhea,portoricensis,anpo3
antirhea,sintenisii,ansi
aralia,elata,arel8
araucaria,angustifolia,aran15
araucaria,columnaris,arco32
araucaria,heterophylla,arhe12
arbutus,arizonica,arar2
arbutus,menziesii,arme
arbutus,unedo,arun4
arbutus,xalapensis,arxa80
archontophoenix,alexandrae,aral
archontophoenix,cunninghamiana,arcu2
ardisia,elliptica,arel4
ardisia,glauciflora,argl11
ardisia,luquillensis,arlu3
ardisia,obovata,arob2
ardisia,solanacea,arso
areca,catechu,arca41
arenga,pinnata,arpi6
artocarpus,altilis,aral7
artocarpus,heterophyllus,arhe2
artocarpus,mariannensis,arma28
artocarpus,nobilis,arno
artocarpus,odoratissimus,arod2
arytera,brackenridgei,arbr11
ascarina,diffusa,asdi14
asimina,parviflora,aspa18
asimina,triloba,astr
astronidium,kusaianum,asku2
astronidium,navigatorum,asna10
astronidium,palauense,aspa37
astronidium,pickeringii,aspi11
astronidium,samoense,assa23
astronidium,subcordata,assu31
atuna,racemosa,atra2
averrhoa,bilimbi,avbi
averrhoa,carambola,avca
avicennia,germinans,avge
avicennia,marina,avma3
avicennia,marina ssp.marina,aval
azadirachta,indica,azin2
baccaurea,taitensis,bata
baccharis,halimifolia,baha
bactris,gasipaes,baga2
badusa,palauensis,bapa8
banara,portoricensis,bapo
banara,vanderbiltii,bava2
barringtonia,asiatica,baas3
barringtonia,racemosa,bara5
barringtonia,samoensis,basa9
bastardiopsis,eggersii,baeg6
bauhinia,lunarioides,balu
bauhinia,monandra,bamo2
bauhinia,multinervia,bamu3
bauhinia,pauletia,bapa3
bauhinia,purpurea,bapu
bauhinia,tomentosa,bato
bauhinia,variegata,bava
bauhinia,x blakeana,babl
beilschmiedia,pendula,bepe
bernardia,dichotoma,bedi2
betula,alleghaniensis,beal2
betula,lenta,bele
betula,neoalaskana,bene4
betula,nigra,beni
betula,occidentalis,beoc2
betula,papyrifera,bepa
betula,pendula,bepe3
betula,platyphylla,bepl2
betula,populifolia,bepo
betula,pubescens,bepu5
betula,uber,beub
betula,x utahensis,beut
bischofia,javanica,bija
bixa,orellana,bior
blighia,sapida,blsa2
bobea,brevipes,bobr3
bobea,elatior,boel3
bobea,sandwicensis,bosa2
bobea,timonioides,boti
bocconia,frutescens,bofr2
boehmeria,virgata,bovi7
bontia,daphnoides,boda
bourreria,radula,bora2
bourreria,succulenta,bosu2
bourreria,virgata,bovi2
brachychiton,discolor,brdi6
brachychiton,populneum,brpo6
broussonetia,papyrifera,brpa4
brugmansia,candida,brca12
bruguiera,gymnorhiza,brgy3
bruguiera,parviflora,brpa15
brunellia,comocladiifolia,brco6
brunfelsia,americana,bram4
brunfelsia,densifolia,brde4
brunfelsia,lactea,brla5
brunfelsia,portoricensis,brpo3
buchanania,engleriana,buen
buchanania,merrillii,bume4
buchanania,palawensis,bupa16
buchenavia,tetraphylla,bute4
bucida,buceras,bubu
bunchosia,glandulifera,bugl2
bunchosia,glandulosa,bugl
bunchosia,polystachia,bupo5
burckella,richii,buri3
bursera,simaruba,busi
butia,capitata,buca15
buxus,laevigata,bula10
buxus,sempervirens,buse2
buxus,vahlii,buva
byrsonima,crassifolia,bycr
byrsonima,lucida,bylu
byrsonima,spicata,bysp
byrsonima,wadsworthii,bywa
caesalpinia,coriaria,caco28
caesalpinia,kavaiensis,caka5
caesalpinia,pulcherrima,capu13
caesalpinia,sappan,casa28
caesalpinia,spp.,caesa
calliandra,surinamensis,casu33
callicarpa,ampla,caam14
callistemon,citrinus,caci15
callistemon,viminalis,cavi23
callitris,columellaris,caco2
calocedrus,decurrens,cade27
calophyllum,antillanum,caan22
calophyllum,inophyllum,cain4
calophyllum,neo-ebudicum,cane31
calophyllum,pelewense,cape15
calophyllum,soulattri,caso12
calotropis,procera,capr
calycophyllum,candidissimum,caca73
calyptranthes,kiaerskovii,caki
calyptranthes,krugii,cakr
calyptranthes,luquillensis,calu12
calyptranthes,pallens,capa8
calyptranthes,portoricensis,capo9
calyptranthes,sintenisii,casi8
calyptranthes,thomasiana,cath3
calyptranthes,zuzygium,cazu
calyptronoma,rivalis,cari3
camellia,japonica,caja9
camellia,sinensis,casi16
campnosperma,brevipetiolatum,cabr18
cananga,odorata,caod
canarium,hirsutum,cahi14
canarium,indicum,cain42
canarium,mafoa,caha39
canarium,ovatum,caov7
canarium,vitiense,cavi26
canarium,vulgare,cavu9
canella,winteriana,cawi
capparis,amplissima,caam13
capparis,baducca,caba2
capparis,cynophallophora,cacy
capparis,flexuosa,cafl2
capparis,hastata,caha9
capparis,indica,cain5
caragana,arborescens,caar18
carapa,guianensis,cagu6
carica,papaya,capa23
carmona,retusa,care22
carpinus,betulus,cabe8
carpinus,caroliniana,caca18
carya,alba,caal27
carya,aquatica,caaq2
carya,carolinae-septentrionalis,caca38
carya,cordiformis,caco15
carya,floridana,cafl6
carya,glabra,cagl8
carya,illinoinensis,cail2
carya,laciniosa,cala21
carya,myristiciformis,camy
carya,ovalis,caov3
carya,ovata,caov2
carya,pallida,capa24
carya,texana,cate9
caryota,mitis,cami36
caryota,urens,caur3
casearia,aculeata,caac3
casearia,arborea,caar8
casearia,cauliflora,caca28
casearia,decandra,cade11
casearia,guianensis,cagu2
casearia,sylvestris,casy2
cassia,fistula,cafi3
cassia,grandis,cagr11
cassia,javanica,caja3
cassia,leptophylla,cale49
cassine,xylocarpa,caxy
cassipourea,guianensis,cagu3
castanea,crenata,cacr27
castanea,dentata,cade12
castanea,mollissima,camo83
castanea,pumila,capu9
castanea,pumila,capuo
castanea,sativa,casa27
castela,erecta,caer3
castilla,elastica,cael5
casuarina,cunninghamiana,cacu8
casuarina,equisetifolia,caeq
casuarina,glauca,cagl11
casuarina,lepidophloia,cale28
casuarina,litorea,cali8
catalpa,bignonioides,cabi8
catalpa,longissima,calo8
catalpa,ovata,caov5
catalpa,speciosa,casp8
cecropia,obtusifolia,ceob
cecropia,schreberiana,cesc9
cedrela,odorata,ceod
cedrus,atlantica,ceat4
cedrus,deodara,cede2
cedrus,libani,celi6
ceiba,acuminata,ceac4
ceiba,aesculifolia,ceae2
ceiba,pentandra,cepe2
celtis,laevigata,cela
celtis,occidentalis,ceoc
celtis,paniculata,cepa6
celtis,sinensis,cesi8
celtis,trinervia,cetr3
ceratonia,siliqua,cesi3
cerbera,floribunda,cefl2
cerbera,manghas,cema20
cerbera,odollam,ceod2
cercidiphyllum,japonicum,ceja2
cercis,canadensis,ceca4
cercis,orbiculata,ceor9
cercocarpus,ledifolius,cele3
cereus,hexagonus,cehe3
cereus,hildmannianus,cehi3
ceriops,tagal,ceta2
cestrum,aurantiacum,ceau2
cestrum,diurnum,cedi6
cestrum,laurifolium,cela2
cestrum,nocturnum,ceno
chamaecyparis,lawsoniana,chla
chamaecyparis,nootkatensis,chno
chamaecyparis,obtusa,chob8
chamaecyparis,pisifera,chpi12
chamaecyparis,thyoides,chth2
chamaerops,humilis,chhu7
chamaesyce,articulata,char8
chamaesyce,atrococca,chat2
chamaesyce,celastroides,chce
chamaesyce,herbstii,chhe3
chamaesyce,kuwaleana,chku
chamaesyce,olowaluana,chol3
chamaesyce,rockii,chro2
charpentiera,densiflora,chde3
charpentiera,elliptica,chel
charpentiera,obovata,chob2
charpentiera,ovata,chov2
charpentiera,tomentosa,chto3
cheirodendron,dominii,chdo3
cheirodendron,fauriei,chfa
cheirodendron,forbesii,chfo4
cheirodendron,platyphyllum,chpl
cheirodendron,trigynum,chtr2
chenopodium,oahuense,choa
chionanthus,axilliflorus,chax2
chionanthus,compactus,chco12
chionanthus,domingensis,chdo4
chionanthus,holdridgei,chho4
chionanthus,ligustrinus,chli6
chionanthus,retusus,chre9
chionanthus,vitiensis,chvi22
chione,seminervis,chse5
chione,venosa,chve4
chlorophora,excelsa,chex5
chorisia,speciosa,chsp13
chrysobalanus,icaco,chic
chrysolepis,chrysophylla,chchc4
chrysophyllum,argenteum,char6
chrysophyllum,cainito,chca10
chrysophyllum,oliviforme,chol
chrysophyllum,pauciflorum,chpa31
cibotium,chamissoi,cich
cibotium,glaucum,cigl
cibotium,heleniae,cihe7
cibotium,menziesii,cime8
cibotium,spp.,cibot
cinchona,pubescens,cipu
cinnamomum,aromaticum,ciar8
cinnamomum,burmannii,cibu2
cinnamomum,camphora,cica
cinnamomum,carolinense,cica2
cinnamomum,elongatum,ciel2
cinnamomum,montanum,cimo3
cinnamomum,pedatinervium,cipe6
cinnamomum,sessilifolium,cise2
cinnamomum,verum,cive2
citharexylum,caudatum,cica8
citharexylum,spinosum,cisp3
citronella,samoensis,cisa2
citrus,aurantifolia,ciau
citrus,hystrix,cihy2
citrus,macroptera,cima10
citrus,maxima,cima5
citrus,medica,cime3
citrus,mitis,cimi3
citrus,reticulata,cire3
citrus,spp.,citru2
citrus,xaurantiifolia,ciau7
citrus,xaurantium,ciau8
citrus,xlimon,cili5
citrus,xparadisi,cipa3
citrus,xsinensis,cisi3
cladrastis,kentukea,clke
claoxylon,carolinianum,clca15
claoxylon,fallax,clfa6
claoxylon,longiracemosum,cllo5
claoxylon,marianum,clma25
claoxylon,sandwicense,clsa
cleistanthus,carolinianus,clca18
cleistanthus,insularis,clin8
clermontia,arborescens,clar4
clermontia,clermontioides,clcl
clermontia,drepanomorpha,cldr2
clermontia,fauriei,clfa
clermontia,grandiflora,clgr3
clermontia,hawaiiensis,clha4
clermontia,kakeana,clka
clermontia,kohalae,clko
clermontia,leptoclada,clle3
clermontia,lindseyana,clli3
clermontia,micrantha,clmi3
clermontia,montis-loa,clmo5
clermontia,oblongifolia,clob2
clermontia,pallida,clpa6
clermontia,parviflora,clpa8
clermontia,peleana,clpe2
clermontia,persicifolia,clpe3
clermontia,pyrularia,clpy2
clermontia,singuliflora,clsi3
clermontia,spp.,clerm
clermontia,tuberculata,cltu2
clermontia,waimeae,clwa2
clerodendrum,aculeatum,clac2
clerodendrum,bungei,clbu
clerodendrum,glabrum,clgl2
clerodendrum,macrostegium,clma24
clerodendrum,spp.,clero2
clethra,acuminata,clac3
cleyera,albopunctata,clal4
clibadium,erosum,cler
clidemia,cymosa,clcy5
clinostigma,carolinense,clca21
clitoria,fairchildiana,clfa5
clusia,clusioides,clcl2
clusia,gundlachii,clgu
clusia,minor,clmi2
clusia,rosea,clro
cnidoscolus,aconitifolius,cnac
coccoloba,costata,coco8
coccoloba,diversifolia,codi8
coccoloba,krugii,cokr
coccoloba,microstachya,comi
coccoloba,pallida,copa24
coccoloba,pubescens,copu
coccoloba,pyrifolia,copy
coccoloba,rugosa,coru4
coccoloba,sintenisii,cosi2
coccoloba,swartzii,cosw
coccoloba,tenuifolia,cote9
coccoloba,uvifera,couv
coccoloba,venosa,cove
coccothrinax,argentata,coar
coccothrinax,barbadensis,coba3
cochlospermum,vitifolium,covi
cocos,nucifera,conu
codiaeum,variegatum,cova3
coffea,arabica,coar2
coffea,liberica,coli8
coffea,robusta,coro8
cojoba,arborea,coar9
cola,acuminata,coac4
colona,scabra,cosc13
colubrina,arborescens,coar3
colubrina,elliptica,coel2
colubrina,oppositifolia,coop
colutea,arborescens,coar6
commersonia,bartramia,coba17
comocladia,dodonaea,codo
comocladia,glabra,cogl4
condalia,hookeri,coho
conocarpus,erectus,coer2
conostegia,rufescens,coru17
consolea,moniliformis,como8
consolea,rubescens,coru8
copaifera,officinalis,coof2
coprosma,foliosa,cofo2
coprosma,kauensis,coka
coprosma,longifolia,colo4
coprosma,montana,como3
coprosma,ochracea,cooc3
coprosma,pubens,copu8
coprosma,rhynchocarpa,corh
coprosma,spp.,copro
coprosma,waimeae,cowa4
cordia,alliodora,coal
cordia,aspera,coas6
cordia,boissieri,cobo2
cordia,borinquensis,cobo3
cordia,collococca,coco5
cordia,dichotoma,codi18
cordia,laevigata,cola12
cordia,micronesica,comi6
cordia,obliqua,coob3
cordia,rickseckeri,cori
cordia,sebestena,cose2
cordia,subcordata,cosu2
cordia,sulcata,cosu3
cordyline,fruticosa,cofr2
cordyline,spp.,cordy2
cornus,drummondii,codr
cornus,florida,cofl2
cornus,kousa,coko2
cornus,nuttallii,conu4
cornutia,obovata,coob4
cornutia,pyramidata,copy2
corylus,colurna,coco30
corymbia,calophylla,coca48
corymbia,citriodora,coci4
corymbia,ficifolia,cofi7
corymbia,gummifera,cogu4
corynocarpus,laevigatus,cola6
cotinus,coggygria,coco10
cotinus,obovatus,coob2
couroupita,guianensis,cogu3
crataegus,brainerdii,crbr3
crataegus,calpodendron,crca
crataegus,chrysocarpa,crch
crataegus,crus-galli,crcr2
crataegus,dilatata,crdi
crataegus,flabellata,crfl
crataegus,mollis,crmo2
crataegus,monogyna,crmo3
crataegus,pedicellata,crpe
crataegus,spp.,crata
crataegus,succulenta,crsu5
crataegus,uniflora,crun
crateva,religiosa,crre12
crescentia,alata,cral11
crescentia,cujete,crcu
crescentia,linearifolia,crli5
crescentia,portoricensis,crpo6
critonia,portoricensis,crpo7
crossopetalum,rhacoma,crrh
crossostylis,biflora,crbi9
crotalaria,longirostrata,crlo3
croton,astroites,cras3
croton,flavens,crfl23
croton,poecilanthus,crpo4
cryptocarya,elegans,crel8
cryptocarya,mannii,crma8
cryptocarya,oreophila,cror5
cryptocarya,turbinata,crtu4
cryptomeria,japonica,crja3
cudrania,tricuspidata,cutr2
cunninghamia,lanceolata,cula
cupania,americana,cuam
cupania,triquetra,cutr
cupaniopsis,anacardioides,cuan4
cupressocyparis,leylandii,cule2
cupressus,arizonica,cuar
cupressus,bakeri,cuba
cupressus,forbesii,cufo2
cupressus,lusitanica,culu2
cupressus,macnabiana,cuma
cupressus,macrocarpa,cuma2
cupressus,sargentii,cusa3
cupressus,sempervirens,cuse2
cyanea,aculeatiflora,cyac4
cyanea,arborea,cyar10
cyanea,fissa,cyfi6
cyanea,floribunda,cyfl4
cyanea,giffardii,cygi5
cyanea,hamatiflora,cyha6
cyanea,hardyi,cyha7
cyanea,horrida,cyho6
cyanea,kuhihewa,cyku3
cyanea,kunthiana,cyku
cyanea,leptostegia,cyle5
cyanea,macrostegia,cyma10
cyanea,marksii,cyma14
cyanea,pilosa,cypi4
cyanea,pohaku,cypo5
cyanea,procera,cypr8
cyanea,pycnocarpa,cypy
cyanea,quercifolia,cyqu
cyanea,rivularis,cyri4
cyanea,solenocalyx,cyso2
cyanea,spp.,cyane
cyanea,stictophylla,cyst5
cyanea,superba,cysu8
cyanea,tritomantha,cytr6
cyathea,andina,cyan
cyathea,arborea,cyar
cyathea,cooperi,cyco18
cyathea,decurrens,cyde16
cyathea,furfuracea,cyfu
cyathea,lunulata,cylu5
cyathea,medullaris,cyme12
cyathea,nigricans,cyni7
cyathea,parvula,cypa7
cyathea,ponapeana,cypo11
cyathea,tenera,cyte10
cyathea,truncata,cytr11
cybianthus,sintenisii,cysi
cycas,circinalis,cyci3
cycas,revoluta,cyre11
cyclophyllum,barbatum,cyba7
cydonia,oblonga,cyob2
cynometra,portoricensis,cypo2
cynometra,ramiflora,cyra8
cynometra,yokotae,cyyo
cyphomandra,betacea,cybe3
cyrilla,racemiflora,cyra
cyrtandra,giffardii,cygi3
cyrtandra,ramosissima,cyra3
dacryodes,excelsa,daex
dalbergia,retusa,dare6
dalbergia,sissoo,dasi
dalbergia,tucurensis,datu
daphnopsis,americana,daam2
daphnopsis,helleriana,dahe2
daphnopsis,philippiana,daph
delissea,fallax,defa
delissea,laciniata,dela4
delissea,niihauensis,deni
delissea,parviflora,depa9
delissea,spp.,delis
delissea,undulata,deun2
delonix,regia,dere
dendrocnide,harveyi,deha5
dendrocnide,latifolia,dela13
dendropanax,arboreus,dear
dendropanax,laurifolius,dela3
dictyosperma,album,dial13
dillenia,indica,diin6
dillenia,suffruticosa,disu11
dimocarpus,longan,dilo7
diospyros,blancoi,dibl3
diospyros,discolor,didi9
diospyros,elliptica,diel3
diospyros,ferrea,dife5
diospyros,hillebrandii,dihi4
diospyros,kaki,dika2
diospyros,revoluta,dire6
diospyros,samoensis,disa16
diospyros,sandwicensis,disa10
diospyros,sintenisii,disi3
diospyros,texana,dite3
diospyros,virginiana,divi5
discocalyx,ponapensis,dipo
ditta,myricoides,dimy
dodonaea,viscosa,dovi
dolichandrone,spathacea,dosp3
dovyalis,hebecarpa,dohe2
dracaena,fragrans,drfr2
dracaena,multiflora,drmu2
dracaena,reflexa,drre6
drypetes,alba,dral5
drypetes,carolinensis,drca18
drypetes,dolichocarpa,drdo3
drypetes,glauca,drgl2
drypetes,ilicifolia,dril
drypetes,lateriflora,drla3
drypetes,nitida,drni3
drypetes,vitiensis,drvi5
drypetes,yapensis,drya
dubautia,arborea,duar
dubautia,demissifolia,dude
dubautia,fallax,dufa2
dubautia,knudsenii,dukn
dubautia,microcephala,dumi
dubautia,montana,dumo2
dubautia,plantaginea,dupl
dubautia,reticulata,dure2
dubautia,spp.,dubau
duranta,erecta,duer
durio,zibethinus,duzi
dypsis,lutescens,dylu
dysoxylum,huntii,dyhu2
dysoxylum,maota,dyma
dysoxylum,mollissimum,dymom
dysoxylum,samoense,dysa
ebenopsis,ebano,ebeb
ehretia,anacua,ehan
elaeagnus,angustifolia,elan
elaeis,guineensis,elgu
elaeocarpus,bifidus,elbi
elaeocarpus,carolinensis,elca20
elaeocarpus,floridanus,elfl6
elaeocarpus,graeffei,elgr
elaeocarpus,grandis,elgr6
elaeocarpus,joga,eljo
elaeocarpus,kerstingianus,elke
elaeocarpus,kusaiensis,elku2
elaeocarpus,kusanoi,elku
elaeocarpus,tonganus,elto4
elaeocarpus,ulianus,elul
elattostachys,falcata,elfa3
endiandra,elaeocarpa,enel
enterolobium,cyclocarpum,ency
eriobotrya,deflexa,erde16
eriobotrya,japonica,erja3
erithalis,fruticosa,erfr4
erythrina,berteriana,erbe3
erythrina,corallodendron,erco22
erythrina,coralloides,erco
erythrina,crista-galli,ercr6
erythrina,eggersii,ereg
erythrina,fusca,erfu2
erythrina,poeppigiana,erpo5
erythrina,sandwicensis,ersa11
erythrina,subumbrans,ersu15
erythrina,variegata,erva7
erythrina,variegata,ervao
erythrospermum,acuminatissimum,erac10
erythroxylum,areolatum,erar17
erythroxylum,rotundifolium,erro3
erythroxylum,rufum,erru4
erythroxylum,urbanii,erur4
eucalyptus,botryoides,eubo2
eucalyptus,bridgesiana,eubr2
eucalyptus,camaldulensis,euca2
eucalyptus,cinerea,euci80
eucalyptus,cladocalyx,eucl
eucalyptus,cordata,euco31
eucalyptus,cornuta,euco3
eucalyptus,crebra,eucr
eucalyptus,deanei,eude
eucalyptus,deglupta,eude2
eucalyptus,globulus,eugl
eucalyptus,gomphocephala,eugo
eucalyptus,goniocalyx,eugo2
eucalyptus,grandis,eugr12
eucalyptus,hemiphloia,euhe12
eucalyptus,leucoxylon,eule13
eucalyptus,maculata,euma23
eucalyptus,marginata,euma4
eucalyptus,microcorys,eumi
eucalyptus,paniculata,eupa
eucalyptus,pilularis,eupi
eucalyptus,polyanthemos,eupo
eucalyptus,raveretiana,eura4
eucalyptus,resinifera,eure2
eucalyptus,robusta,euro2
eucalyptus,rudis,euru2
eucalyptus,salicifolia,eusa17
eucalyptus,saligna,eusa
eucalyptus,sideroxylon,eusi2
eucalyptus,spp.,eucal
eucalyptus,tereticornis,eute
eucalyptus,viminalis,euvi
eugenia,axillaris,euax
eugenia,biflora,eubi
eugenia,boqueronensis,eubo3
eugenia,borinquensis,eubo4
eugenia,caryophyllus,euca16
eugenia,confusa,euco4
eugenia,cordata,euco5
eugenia,cordata,eucos
eugenia,corozalensis,euco13
eugenia,domingensis,eudo
eugenia,eggersii,eueg
eugenia,glabrata,eugl6
eugenia,haematocarpa,euha4
eugenia,koolauensis,euko
eugenia,ligustrina,euli
eugenia,monticola,eumo
eugenia,nitida,euni2
eugenia,palauensis,eupa3
eugenia,palumbis,eupa28
eugenia,procera,eupr4
eugenia,pseudopsidium,eups
eugenia,reinwardtiana,eure7
eugenia,rhombea,eurh
eugenia,serrasuela,euse9
eugenia,sessiliflora,euse10
eugenia,spp.,eugen
eugenia,stahlii,eust3
eugenia,stewardsonii,eust6
eugenia,suzukii,eusu9
eugenia,thompsonii,euth4
eugenia,underwoodii,euun
eugenia,uniflora,euun2
eugenia,xerophytica,euxe
euodia,hortensis,euho5
euodia,nitida,euni8
euodia,palawensis,eupa29
euodia,ponapensis,eupo15
euodia,trichantha,eutr13
euphorbia,cotinifolia,euco24
euphorbia,haeleeleana,euha2
euphorbia,lactea,eula8
euphorbia,neriifolia,eune4
euphorbia,petiolaris,eupe8
euphorbia,pulcherrima,eupu9
euphorbia,spp.,eupho
euphorbia,tirucalli,euti
eurya,sandwicensis,eusa6
excoecaria,agallocha,exag
exocarpos,gaudichaudii,exga
exorrhiza,ponapensis,expo2
exostema,caribaeum,exca
exostema,ellipticum,exel
exostema,sanctae-luciae,exsa2
exothea,paniculata,expa
fagraea,berteroana,fabe
fagraea,ksid,faks
fagus,grandifolia,fagr
fagus,sylvatica,fasy
falcataria,moluccana,famo
family arecaceae,not listed above,areca
faramea,occidentalis,faoc
feijoa,sellowiana,fese2
ficus,americana,fiam
ficus,aurea,fiau
ficus,auriculata,fiau3
ficus,benghalensis,fibe2
ficus,benjamina,fibe
ficus,carica,fica
ficus,citrifolia,fici
ficus,copiosa,fico2
ficus,drupacea,fidr3
ficus,elastica,fiel
ficus,godeffroyi,figo
ficus,lutea,filu
ficus,lyrata,fily
ficus,microcarpa,fimi2
ficus,nota,fino3
ficus,obliqua,fiob3
ficus,obtusifolia,fiob
ficus,prolixa,fipr2
ficus,religiosa,fire3
ficus,rubiginosa,firu4
ficus,saffordii,fisa
ficus,scabra,fisc3
ficus,spp.,ficus
ficus,stahlii,fist
ficus,sycomorus,fisy2
ficus,thonningii,fith2
ficus,tinctoria,fiti2
ficus,trigonata,fitr
ficus,uniauriculata,fiun
ficus,virens,fivi3
finschia,chloroxantha,fich
firmiana,simplex,fisi2
fitchia,speciosa,fisp3
flacourtia,indica,flin
flacourtia,inermis,flin3
flacourtia,rukam,flru2
flindersia,brayleyana,flbr
flueggea,acidoton,flac
flueggea,flexuosa,flfl4
flueggea,neowawraea,flne
forestiera,eggersiana,foeg
forestiera,rhamnifolia,forh
forestiera,segregata,fose
fortunella,margarita,foma2
frangula,sphaerosperma,frspl
franklinia,alatamaha,fral
fraxinus,americana,fram2
fraxinus,berlandieriana,frbe
fraxinus,caroliniana,frca3
fraxinus,excelsior,frex80
fraxinus,latifolia,frla
fraxinus,nigra,frni
fraxinus,oxycarpa,frox
fraxinus,pennsylvanica,frpe
fraxinus,profunda,frpr
fraxinus,quadrangulata,frqu
fraxinus,texensis,frte
fraxinus,uhdei,fruh
fraxinus,velutina,frve2
fuchsia,boliviana,fubo
fuchsia,paniculata,fupa2
funtumia,elastica,fuel
garcinia,dulcis,gadu3
garcinia,hessii,gahe5
garcinia,mangostana,gama10
garcinia,matsudai,gama8
garcinia,myrtifolia,gamy
garcinia,ponapensis,gapo4
garcinia,portoricensis,gapo2
garcinia,quadrilocularis,gaqu2
garcinia,rumiyo,garu3
garcinia,xanthochymus,gaxa
gardenia,brighamii,gabr
gardenia,mannii,gama6
gardenia,remyi,gare
gardenia,spp.,garde
gardenia,taitensis,gata
garuga,floribunda,gafl8
gaussia,attenuata,gaat
geniostoma,rupestre,geru3
genipa,americana,geam
gesneria,pedunculosa,gepe4
ginkgo,biloba,gibi2
ginoria,rohrii,giro
gironniera,celtidifolia,gice2
gleditsia,aquatica,glaq
gleditsia,triacanthos,gltr
gliricidia,sepium,glse2
glochidion,cuspidatum,glcu
glochidion,kanehirae,glka
glochidion,marianum,glma9
glochidion,spp.,gloch
glycosmis,parviflora,glpa4
gmelina,elliptica,gmel
gmelina,palawensis,gmpa
gnetum,gnemon,gngn
goetzea,elegans,goel
gomidesia,lindeniana,goli
goniothalamus,carolinensis,goca2
gordonia,lasianthus,gola
gossypium,barbadense,goba
gossypium,hirsutum,gohih2
graffenrieda,ottoschulzii,grot
grevillea,banksii,grba
grevillea,robusta,grro
guaiacum,officinale,guof
guaiacum,sanctum,gusa
guamia,mariannae,guma4
guapira,discolor,gudi
guapira,fragrans,gufr
guapira,obtusata,guob
guarea,glabra,gugl3
guarea,guidonia,gugu
guatteria,blainii,gubl
guatteria,caribaea,guca2
guazuma,ulmifolia,guul
guettarda,elliptica,guel
guettarda,krugii,gukr
guettarda,odorata,guod
guettarda,ovalifolia,guov
guettarda,pungens,gupu
guettarda,scabra,gusc
guettarda,speciosa,gusp3
guettarda,valenzuelana,guva
guioa,rhoifolia,gurh
gulubia,palauensis,gupa
gyminda,latifolia,gyla
gymnanthes,lucida,gylu
gymnocladus,dioicus,gydi
gyrocarpus,americanus,gyam2
haematoxylum,campechianum,haca2
haenianthus,salicifolius,hasao
halesia,carolina,haca3
halesia,diptera,hadi3
halesia,tetraptera,hate3
hamelia,patens,hapa3
haplolobus,floribundus,hafl
harpephyllum,caffrum,haca10
harpullia,arborea,haar4
havardia,pallens,hapa10
hebestigma,cubense,hecu10
hedycarya,denticulata,hede14
hedyosmum,arborescens,hear
hedyotis,fosbergii,hefo5
hedyotis,hillebrandii,hehi8
hedyotis,spp.,hedyo2
hedyotis,terminalis,hete21
helicteres,jamaicensis,heja
heliocarpus,popayanensis,hepo4
henriettea,fascicularis,hefa5
henriettea,macfadyenii,hema11
henriettea,membranifolia,heme5
henriettea,squamulosum,hesq
heritiera,littoralis,heli9
heritiera,longipetiolata,helo12
hernandia,labyrinthica,hela27
hernandia,moerenhoutiana,hemo13
hernandia,nymphaeifolia,heny
hernandia,ovigera,heov4
hernandia,sonora,heso
hesperomannia,arborescens,hear9
hesperomannia,arbuscula,hear10
hesperomannia,lydgatei,hely
heteromeles,arbutifolia,hear5
heterospathe,elata,heel9
hevea,brasiliensis,hebr8
hibiscadelphus,bombycinus,hibo2
hibiscadelphus,crucibracteatus,hicr
hibiscadelphus,distans,hidi
hibiscadelphus,giffardianus,higi
hibiscadelphus,hualalaiensis,hihu
hibiscadelphus,puakuahiwi,hipu2
hibiscadelphus,wilderianus,hiwi
hibiscadelphus,woodii,hiwo
hibiscus,arnottianus,hiar
hibiscus,brackenridgei,hibr
hibiscus,calyphyllus,hica6
hibiscus,clayi,hicl
hibiscus,elatus,hiel
hibiscus,kokio,hiko
hibiscus,macrophyllus,hima5
hibiscus,mutabilis,himu3
hibiscus,pernambucensis,hipe3
hibiscus,rosa-sinensis,hiro3
hibiscus,tiliaceus,hiti
hibiscus,waimeae,hiwa
hippomane,mancinella,hima2
hirtella,rugosa,hiru2
hirtella,triandra,hitr3
homalanthus,acuminatus,hoac4
homalanthus,nutans,honu3
homalium,racemosum,hora
homalium,whitmeeanum,howh
horsfieldia,amklaal,hoam2
horsfieldia,novoguineensis,hono2
horsfieldia,nunu,honu2
horsfieldia,palauensis,hopa10
hovenia,dulcis,hodu2
howeia,forsteriana,hofo
hura,crepitans,hucr
hyeronima,clusioides,hycl
hymenaea,courbaril,hyco
hypelate,trifoliata,hytr
hyperbaena,laurifolia,hyla8
ilex,anomala,ilan
ilex,aquifolium,ilaq80
ilex,cassine,ilca
ilex,cookii,ilco3
ilex,guianensis,ilgu
ilex,macfadyenii,ilma
ilex,nitida,ilni
ilex,opaca,ilop
ilex,paraguariensis,ilpa3
ilex,sideroxyloides,ilsi
ilex,sintenisii,ilsi2
ilex,urbaniana,ilur
ilex,vomitoria,ilvo
inga,edulis,ined
inga,laurina,inla
inga,nobilis,innoq
inga,spp.,inga
inga,vera,inve
inocarpus,fagifer,infa3
intsia,bijuga,inbi
ixora,ferrea,ixfe
ixora,thwaitesii,ixth
jacaranda,mimosifolia,jami
jacquinia,armillaris,jaar2
jacquinia,berteroi,jabe
jatropha,curcas,jacu2
jatropha,hernandiifolia,jahe
jatropha,multifida,jamu
juglans,californica,juca
juglans,cinerea,juci
juglans,hindsii,juhi
juglans,jamaicensis,juja
juglans,major,juma
juglans,microcarpa,jumi
juglans,nigra,juni
juglans,regia,jure80
juniperus,ashei,juas
juniperus,californica,juca7
juniperus,chinensis,juch4
juniperus,coahuilensis,juco11
juniperus,deppeana,jude2
juniperus,flaccida,jufl
juniperus,monosperma,jumo
juniperus,occidentalis,juoc
juniperus,osteosperma,juos
juniperus,pinchotii,jupi
juniperus,scopulorum,jusc2
juniperus,virginiana,juvis
juniperus,virginiana,juvi
kayea,pacifica,kapa4
khaya,anthotheca,khan
khaya,senegalensis,khse2
kigelia,africana,kiaf
kleinhovia,hospita,klho
koelreuteria,bipinnata,kobi3
koelreuteria,paniculata,kopa
kokia,cookei,koco2
kokia,drynarioides,kodr
kokia,kauaiensis,koka
kokia,lanceolata,kola2
krugiodendron,ferreum,krfe
kunzea,ericoides,kuer
labordia,fagraeoidea,lafa2
labordia,hedyosmifolia,lahe2
labordia,hirtella,lahi5
labordia,kaalae,laka
labordia,lydgatei,laly2
labordia,spp.,labor
labordia,tinifolia,lati2
labordia,triflora,latr4
labordia,waiolani,lawa3
laburnum,anagyroides,laan2
laetia,procera,lapr2
lagerstroemia,indica,lain
lagerstroemia,speciosa,lasp
laguncularia,racemosa,lara2
lansium,domesticum,lado2
laplacea,portoricensis,lapo
larix,decidua,lade2
larix,kaempferi,laka2
larix,laricina,lala
larix,lyallii,laly
larix,occidentalis,laoc
larix,sibirica,lasi3
larix,spp.,larix
latania,loddigesii,lalo
lawsonia,inermis,lain5
leandra,krugiana,lekr
leptocereus,quadricostatus,lequ
leptospermum,morrisonii,lemo20
leptospermum,petersonii,lepe23
leptospermum,polygalifolim,lepo22
leptospermum,scoparium,lesc2
leptospermum,spp.,lepto4
leucaena,leucocephala,lele10
leucaena,pulverulenta,lepu3
leucaena,retusa,lere5
licaria,brittoniana,libr5
licaria,parvifolia,lipa9
licaria,triandra,litr
ligustrum,japonicum,lija
ligustrum,lucidum,lilu2
ligustrum,ovalifolium,liov
liquidambar,orientalis,lior2
liquidambar,styraciflua,list2
liriodendron,tulipifera,litu
litchi,chinensis,lich4
lithocarpus,densiflorus,lide3
litsea,samoensis,lisa8
livistona,chinensis,lich3
lonchocarpus,domingensis,lodo5
lonchocarpus,glaucifolius,logl2
lonchocarpus,heptaphyllus,lohe7
lophostemon,confertus,loco9
luehea,speciosa,lusp11
lumnitzera,littorea,luli8
lunania,ekmanii,luek
lyonia,rubiginosa,lyru2
lysiloma,latisiliquum,lyla3
macadamia,integrifolia,main8
macadamia,tetraphylla,mate16
macaranga,carolinensis,maca25
macaranga,grayana,magr
macaranga,harveyana,maha9
macaranga,mappa,mama28
macaranga,stipulosa,mast7
macaranga,tanarius,mata3
macaranga,thompsonii,math3
machaerium,lunatum,malu2
machaonia,portoricensis,mapo6
maclura,pomifera,mapo
maclura,tinctoria,mati3
maesopsis,eminii,maem2
magnolia,acuminata,maac
magnolia,fraseri,mafr
magnolia,grandiflora,magr4
magnolia,macrophylla,mama2
magnolia,portoricensis,mapo2
magnolia,pyramidata,mapy
magnolia,sieboldii,masi14
magnolia,splendens,masp
magnolia,stellata,mast6
magnolia,tripetala,matr
magnolia,virginiana,mavi2
magnolia,x soulangiana,maso9
mallotus,philippensis,maph4
mallotus,tiliifolius,mati4
malpighia,emarginata,maem
malpighia,fucata,mafu2
malpighia,glabra,magl6
malpighia,infestissima,main5
malpighia,linearis,mali2
malus,angustifolia,maan3
malus,baccata,maba
malus,coronaria,maco5
malus,floribunda,mafl80
malus,fusca,mafu
malus,ioensis,maio
malus,pumila,mapu
malus,spp.,malus
mammea,americana,maam2
mammea,glauca,magl12
mammea,odorata,maod2
mangifera,indica,main3
mangifera,minor,mami3
mangifera,odorata,maod
manihot,carthaginensis ssp. glaziovii,macag4
manilkara,bidentata,mabi5
manilkara,bidentata,mabis
manilkara,dissecta,madi14
manilkara,hoshinoi,maho5
manilkara,jaimiqui,maja2
manilkara,pleeana,mapl2
manilkara,udoido,maud
manilkara,valenzuela,mava3
manilkara,zapota,maza
mappia,racemosa,mara3
maranthes,corymbosa,maco
margaritaria,nobilis,mano
marlierea,sintenisii,masi3
matayba,apetala,maap5
matayba,domingensis,mado2
maytenus,boaria,mabo8
maytenus,cymosa,macy2
maytenus,elongata,mael3
maytenus,laevigata,mala8
maytenus,palauica,mapa28
maytenus,ponceana,mapo5
maytenus,thompsonii,math4
mecranium,latifolium,mela7
medusanthera,carolinensis,meca21
medusanthera,samoensis,mesa11
melaleuca,linariifolia,meli7
melaleuca,quinquenervia,mequ
melanolepis,multiglandulosa,memu10
melia,azedarach,meaz
melicoccus,bijugatus,mebi
melicope,anisata,mean3
melicope,balloui,meba2
melicope,barbigera,meba3
melicope,christophersenii,mech2
melicope,cinerea,meci6
melicope,clusiifolia,mecl
melicope,cruciata,mecr5
melicope,elliptica,meel2
melicope,haleakalae,meha7
melicope,haupuensis,meha3
melicope,hawaiensis,meha4
melicope,hiiakae,mehi6
melicope,hosakae,meho2
melicope,kaalaensis,meka2
melicope,knudsenii,mekn
melicope,latifolia,mere8
melicope,macropus,mema6
melicope,makahae,mema7
melicope,molokaiensis,memo6
melicope,mucronulata,memu4
melicope,oahuensis,meoa
melicope,obovata,meob4
melicope,orbicularis,meor4
melicope,ovalis,meov
melicope,ovata,meov2
melicope,pallida,mepa6
melicope,paniculata,mepa7
melicope,peduncularis,mepe9
melicope,pseudoanisata,meps
melicope,puberula,mepu4
melicope,quadrangularis,mequ3
melicope,radiata,mera2
melicope,rotundifolia,mero3
melicope,saint-johnii,mesa4
melicope,sandwicensis,mesa5
melicope,spp.,melic3
melicope,volcanica,mevo
melicope,waialealae,mewa2
melicope,wawraeana,mewa4
melicope,zahlbruckneri,meza
melicytus,samoensis,mesa9
meliosma,herbertii,mehe
meliosma,obtusifolia,meob2
melochia,aristata,mear16
melochia,tomentosa,meto4
melochia,umbellata,meum3
melochia,villosissima,mevic4
melochia,villosissima,meviv
merrilliodendron,megacarpum,meme12
meryta,macrophylla,mema16
meryta,senfftiana,mese11
metasequoia,glyptostroboides,megl8
metopium,toxiferum,meto3
metrosideros,collina,mepop2
metrosideros,macropus,mema4
metrosideros,polymorpha,mepo5
metrosideros,rugosa,meru2
metrosideros,tremuloides,metr5
metrosideros,waialealae,mewa
metroxylon,amicarum,meam4
metroxylon,sagu,mesa7
michelia,champaca,mich4
miconia,affinis,miaf
miconia,calvescens,mica20
miconia,foveolata,mifo
miconia,impetiolaris,miim
miconia,laevigata,mila8
miconia,lanata,mila10
miconia,mirabilis,mimi3
miconia,pachyphylla,mipa7
miconia,prasina,mipr3
miconia,punctata,mipu9
miconia,pycnoneura,mipy2
miconia,racemosa,mira2
miconia,rubiginosa,miru4
miconia,serrulata,mise2
miconia,sintenisii,misi2
miconia,subcorymbosa,misu3
miconia,tetrandra,mite4
miconia,thomasiana,mith
micromelum,minutum,mimi23
micropholis,garciniifolia,miga
micropholis,guyanensis,migu2
millettia,pinnata,mipi9
mimosa,arenosa,miar4
mimusops,elengi,miel4
monodora,spp.,monod
montanoa,hibiscifolia,mohi
morella,cerifera,moce2
morella,faya,mofa
morella,holdridgeana,moho3
morinda,citrifolia,moci3
morinda,latibractea,mola12
morinda,pedunculata,mope2
morinda,trimera,motr
moringa,oleifera,mool
morisonia,americana,moam
morus,alba,moal
morus,microphylla,momi
morus,nigra,moni
morus,rubra,moru2
mouriri,domingensis,modo2
mouriri,helleri,mohe
munroidendron,racemosum,mura3
muntingia,calabura,muca4
murraya,exotica,muex2
murraya,koenigii,muko
mussaenda,raiateensis,mura5
myoporum,laetum,myla5
myoporum,sandwicense,mysa
myrcia,citrifolia,myci
myrcia,deflexa,myde
myrcia,fallax,myfa3
myrcia,leptoclada,myle
myrcia,paganii,mypa
myrcia,splendens,mysp
myrcianthes,fragrans,myfr
myrciaria,cauliflora,myca9
myrciaria,floribunda,myfl
myrica,rubra,myru3
myristica,hypargyraea,myhy2
myristica,insularis,myin3
myristica,inutilis,myin4
myrospermum,frutescens,myfr2
myroxylon,balsamum,myba3
myrsine,alyxifolia,myal4
myrsine,coriacea,myco2
myrsine,cubana,mycu2
myrsine,degeneri,myde2
myrsine,emarginata,myem
myrsine,fernseei,myfe
myrsine,fosbergii,myfo
myrsine,helleri,myhe3
myrsine,kauaiensis,myka
myrsine,knudsenii,mykn
myrsine,lanaiensis,myla3
myrsine,lessertiana,myle2
myrsine,mezii,myme2
myrsine,palauensis,mypa7
myrsine,petiolata,mype3
myrsine,pukooensis,mypu2
myrsine,sandwicensis,mysa2
myrsine,wawraea,mywa
nectandra,coriacea,neco
nectandra,hihua,nehi2
nectandra,krugii,nekr
nectandra,membranacea,neme3
nectandra,patens,nepa4
nectandra,turbacensis,netu
neea,buxifolia,nebu
neolamarckia,cadamba,neca7
neolaugeria,resinosa,nere2
neonauclea,forsteri,nefo2
nephelium,lappaceum,nela7
nephelium,ramboutan-ake,nera3
neraudia,melastomifolia,neme5
nesoluma,polynesicum,nepo
nestegis,sandwicensis,nesa2
neuburgia,celebica,nece
nicotiana,glauca,nigl
nothocestrum,breviflorum,nobr2
nothocestrum,latifolium,nola
nothocestrum,longifolium,nolo
nothocestrum,peltatum,nope
nototrichium,humile,nohu
nototrichium,sandwicense,nosa
nyssa,aquatica,nyaq2
nyssa,biflora,nybi
nyssa,ogeche,nyog
nyssa,sylvatica,nysy
ochna,mossambicensis,ocmo4
ochna,thomasiana,octh
ochroma,pyramidale,ocpy
ochrosia,compta,occo
ochrosia,haleakalae,ocha
ochrosia,kauaiensis,ocka
ochrosia,kilaueaensis,ocki
ochrosia,mariannensis,ocma2
ochrosia,oppositifolia,ocop
ocotea,floribunda,ocfl
ocotea,foeniculacea,ocfo
ocotea,leucoxylon,ocle
ocotea,moschata,ocmo
ocotea,nemodaphne,ocne
ocotea,portoricensis,ocpo
ocotea,spathulata,ocsp
ocotea,wrightii,ocwr
olea,europaea,oleu
ormosia,calavensis,orca12
ormosia,krugii,orkr
osmoxylon,oliveri,osol
osmoxylon,pachyphyllum,ospa
osmoxylon,truncatum,ostr
ostrya,virginiana,osvi
ottoschulzia,rhodoxylon,otrh
ouratea,ilicifolia,ouil
ouratea,littoralis,ouli
ouratea,striata,oust
oxandra,lanceolata,oxla4
oxandra,laurifolia,oxla5
oxydendrum,arboreum,oxar
pachira,aquatica,paaq2
pachira,insignis,pain7
palaquium,karrak,paka
palaquium,stehlinii,past24
palicourea,alpina,paal9
palicourea,crocea,pacr3
palicourea,croceoides,pacr18
palicourea,guianensis,pagu
pandanus,aimiriikensis,paai
pandanus,cominsii,paco51
pandanus,dubius,padu3
pandanus,japensis,paja2
pandanus,kanehirae,paka2
pandanus,macrojeanneretia,pama32
pandanus,palawensis,papa38
pandanus,patina,papa39
pandanus,peliliuensis,pape
pandanus,reineckei,pare19
pandanus,spp.,panda
pandanus,tectorius,pate2
pandanus,utilis,paut
pangium,edule,paed4
parathesis,crenulata,pacr2
parinari,insularum,pain20
parinari,laurina,pala5
parkia,korom,pako5
parkia,parvifoliola,papa2
parkia,spp.,parki3
parkia,timoriana,pati5
parkinsonia,aculeata,paac3
parkinsonia,spp.,parki2
parkinsonia,texana,pate10
parmentiera,aculeata,paac13
parmentiera,cereifera,pace8
paulownia,tomentosa,pato2
peltophorum,pterocarpum,pept3
pemphis,acidula,peac6
pentadesma,butyracea,pebu4
pera,bumeliifolia,pebu2
pericopsis,mooniana,pemo13
perrottetia,sandwicensis,pesa3
persea,americana,peam3
persea,borbonia,pebo
persea,krugii,pekr
persea,palustris,pepa37
persea,urbaniana,peur2
petitia,domingensis,pedo
phaleria,nisidai,phni11
phellodendron,amurense,pham2
phialanthus,grandifolius,phgr11
phialanthus,myrtilloides,phmy
phoenix,canariensis,phca13
phoenix,dactylifera,phda4
phoenix,roebelenii,phro6
phoenix,sylvestris,phsy3
photinia,davidiana,phda5
phyllanthus,acidus,phac3
phyllanthus,distichus,phdi10
phyllanthus,juglandifolius,phju2
phyllanthus,orbicularis,phor10
picea,abies,piab
picea,breweriana,pibr
picea,engelmannii,pien
picea,glauca,pigl
picea,glehnii,pigl7
picea,mariana,pima
picea,omorika,piom2
picea,pungens,pipu
picea,rubens,piru
picea,sitchensis,pisi
picramnia,pentandra,pipe
picrasma,excelsa,piex
pictetia,aculeata,piac
pilocarpus,racemosus,pira3
pilosocereus,royenii,piro6
pimenta,dioica,pidi2
pimenta,racemosa,pira
pimenta,racemosa,pirag
pinanga,insignis,piin5
pinus,albicaulis,pial
pinus,aristata,piar
pinus,arizonica,piar5
pinus,attenuata,piat
pinus,balfouriana,piba
pinus,banksiana,piba2
pinus,bungeana,pibu2
pinus,canariensis,pica15
pinus,caribaea,pica18
pinus,cembroides,pice
pinus,clausa,picl
pinus,contorta,pico
pinus,coulteri,pico3
pinus,densiflora,pide5
pinus,discolor,pidi3
pinus,echinata,piec2
pinus,edulis,pied
pinus,elliottii,piel
pinus,elliottii,piele2
pinus,engelmannii,pien2
pinus,flexilis,pifl2
pinus,glabra,pigl2
pinus,halepensis,piha7
pinus,jeffreyi,pije
pinus,lambertiana,pila
pinus,leiophylla,pile
pinus,longaeva,pilo
pinus,massoniana,pima11
pinus,merkusii,pime2
pinus,monophylla,pimo
pinus,monophylla,pimof
pinus,monticola,pimo3
pinus,muricata,pimu
pinus,nigra,pini
pinus,oocarpa,pioo2
pinus,palustris,pipa2
pinus,parviflora,pipa12
pinus,patula,pipa13
pinus,pinaster,pipi6
pinus,pinea,pipi7
pinus,ponderosa,pipo
pinus,pungens,pipu5
pinus,quadrifolia,piqu
pinus,radiata,pira2
pinus,remota,pire5
pinus,resinosa,pire
pinus,rigida,piri
pinus,roxburghii,piro2
pinus,sabiniana,pisa2
pinus,serotina,pise
pinus,strobiformis,pist3
pinus,strobus,pist
pinus,sylvestris,pisy
pinus,taeda,pita
pinus,thunbergii,pith2
pinus,torreyana,pito
pinus,virginiana,pivi2
pinus,washoensis,piwa
piper,aduncum,piad
piper,amalago,piam2
piper,blattarum,pibl
piper,marginatum,pima4
piper,swartzianum,pisw
pipturus,albidus,pial2
pipturus,argenteus,piar8
piscidia,carthagenensis,pica5
piscidia,piscipula,pipi3
pisonia,albida,pial3
pisonia,brunoniana,pibr3
pisonia,grandis,pigr6
pisonia,sandwicensis,pisa5
pisonia,subcordata,pisu
pisonia,umbellifera,pium2
pisonia,wagneriana,piwa2
pistacia,chinensis,pich4
pithecellobium,dulce,pidu
pithecellobium,unguis-cati,piun
pittosporum,argentifolium,piar4
pittosporum,confertiflorum,pico4
pittosporum,ferrugineum,pife3
pittosporum,flocculosum,pifl4
pittosporum,gayanum,piga2
pittosporum,glabrum,pigl4
pittosporum,halophilum,piha3
pittosporum,hawaiiense,piha4
pittosporum,hosmeri,piho
pittosporum,kauaiense,pika3
pittosporum,monae,pimo4
pittosporum,napaliense,pina
pittosporum,pentandrum,pipe8
pittosporum,spp.,pitto
pittosporum,terminalioides,pite5
pittosporum,tobira,pito2
pittosporum,undulatum,piun2
pittosporum,viridiflorum,pivi5
planchonella,garberi,plga2
planchonella,grayana,plgr11
planchonella,linggensis,plli6
planchonella,obovata,plob5
planchonella,torricellensis,plto2
planera,aquatica,plaq
platanus,hybrida,plhy3
platanus,mexicana,plme9
platanus,occidentalis,ploc
platanus,orientalis,plor6
platanus,racemosa,plra
platanus,wrightii,plwr2
platycladus,orientalis,plor80
platydesma,remyi,plre4
platydesma,spathulata,plsp3
pleodendron,macranthum,plma6
pleomele,aurea,plau2
pleomele,auwahiensis,plau5
pleomele,fernaldii,plfe
pleomele,forbesii,plfo2
pleomele,halapepe,plha3
pleomele,hawaiiensis,plha4
plumeria,alba,plal
plumeria,obtusa,plob2
plumeria,obtusa,plobo
plumeria,rubra,plru2
podocarpus,coriaceus,poco3
podocarpus,macrophyllus,poma32
poitea,florida,pofl20
polygala,cowellii,poco5
polygala,penaea,pope13
polyscias,grandifolia,pogr28
polyscias,guilfoylei,pogu
polyscias,macgillivrayi,poma
polyscias,nodosa,pono10
polyscias,samoensis,posa27
polyscias,scutellaria,posc10
polyscias,spp.,polys4
pometia,pinnata,popi12
ponapea,hosinoi,poho
ponapea,ledermanniana,pole21
poncirus,trifoliata,potr4
pongamia,pinnata,popi4
populus,alba,poal7
populus,angustifolia,poan3
populus,balsamifera,poba2
populus,balsamifera,pobat
populus,deltoides,pode3
populus,fremontii,pofr2
populus,grandidentata,pogr4
populus,heterophylla,pohe4
populus,nigra,poni
populus,tremuloides,potr5
populus,x canadensis,poca19
populus,x canescens,poca14
pouteria,caimito,poca43
pouteria,calcarea,poca6
pouteria,campechiana,poca23
pouteria,dictyoneura,podi5
pouteria,hotteana,poho4
pouteria,multiflora,pomu6
pouteria,sandwicensis,posa11
pouteria,sapota,posa13
premna,obtusifolia,prob
premna,pubescens,prpu5
premna,serratifolia,prse6
prestoea,acuminata,pracm
pritchardia,affinis,praf
pritchardia,arecina,prar2
pritchardia,beccariana,prbe
pritchardia,forbesiana,prfo
pritchardia,hardyi,prha2
pritchardia,hillebrandii,prhi
pritchardia,kaalae,prka
pritchardia,lanaiensis,prla3
pritchardia,lanigera,prla4
pritchardia,limahuliensis,prli2
pritchardia,lowreyana,prlo2
pritchardia,martii,prma5
pritchardia,minor,prmi3
pritchardia,munroi,prmu3
pritchardia,pacifica,prpa11
pritchardia,perlmanii,prpe7
pritchardia,remota,prre
pritchardia,schattaueri,prsc
pritchardia,spp.,pritc
pritchardia,viscosa,prvi2
pritchardia,waialealeana,prwa
prockia,crucis,prcr2
prosopis,cineraria,prci4
prosopis,glandulosa,prgl2
prosopis,juliflora,prju
prosopis,pallida,prpa4
prosopis,pubescens,prpu
prosopis,velutina,prve
prunus,alleghaniensis,pral5
prunus,americana,pram
prunus,angustifolia,pran3
prunus,armeniaca,prar3
prunus,avium,prav
prunus,caroliniana,prca
prunus,cerasifera,prce2
prunus,cerasus,prce
prunus,domestica,prdo
prunus,dulcis,prdu
prunus,emarginata,prem
prunus,laurocerasus,prla5
prunus,mahaleb,prma
prunus,mexicana,prme
prunus,myrtifolia,prmy
prunus,nigra,prni
prunus,occidentalis,proc
prunus,pensylvanica,prpe2
prunus,persica,prpe3
prunus,salicina,prsa3
prunus,serotina,prse2
prunus,serotina,prsec
prunus,serrulata,prse3
prunus,spp.,prunu
prunus,virginiana,prvi
prunus,x yedoensis,prye
pseudolmedia,spuria,pssp2
pseudophoenix,sargentii,pssa
pseudotsuga,macrocarpa,psma
pseudotsuga,menziesii,psme
psidium,amplexicaule,psam
psidium,cattleianum,psca
psidium,guajava,psgu
psidium,longipes,psloo
psidium,sintenisii,pssi2
psychotria,berteriana,psbe
psychotria,brachiata,psbr2
psychotria,brownei,psbr3
psychotria,carolinensis,psca18
psychotria,cheathamiana,psch4
psychotria,domingensis,psdo2
psychotria,fauriei,psfa
psychotria,grandiflora,psgr
psychotria,grandis,psgr2
psychotria,greenwelliae,psgr3
psychotria,hathewayi,psha2
psychotria,hawaiiensis,psha3
psychotria,hexandra,pshe2
psychotria,hexandra,psheo
psychotria,hobdyi,psho
psychotria,insularum,psin10
psychotria,kaduana,pska
psychotria,maleolens,psma4
psychotria,mariana,psymar
psychotria,maricaensis,psma5
psychotria,mariniana,psma6
psychotria,mauiensis,psma7
psychotria,nutans,psnu2
psychotria,pubescens,pspu
psychotria,rhombocarpa,psrh2
psychotria,rotensis,psro2
psychotria,spp.,psych
psychotria,wawrae,pswa2
psydrax,merrillii,came35
psydrax,odorata,psod
pteralyxia,kauaiensis,ptka
pteralyxia,macrocarpa,ptma
pterocarpus,indicus,ptin2
pterocarpus,macrocarpus,ptma7
pterocarpus,marsupium,ptma3
pterocarpus,officinalis,ptof
pterocarya,stenoptera,ptst80
ptychococcus,ledermannianus,ptle3
ptychosperma,macarthuri,ptma8
ptychosperma,palauense,ptpa
punica,granatum,pugr2
pyrus,calleryana,pyca80
pyrus,communis,pyco
pyrus,pyrifolia,pypy2
pyrus,spp.,pyrus
quararibea,turbinata,qutu
quercus,acutissima,quac80
quercus,agrifolia,quag
quercus,alba,qual
quercus,arizonica,quar
quercus,arkansana,quar2
quercus,austrina,quau
quercus,bicolor,qubi
quercus,buckleyi,qubu2
quercus,cerris,quce
quercus,chrysolepis,quch2
quercus,coccinea,quco2
quercus,douglasii,qudo
quercus,ellipsoidalis,quel
quercus,emoryi,quem
quercus,engelmannii,quen
quercus,falcata,qufa
quercus,fusiformis,qufu
quercus,gambelii,quga
quercus,garryana,quga4
quercus,geminata,quge2
quercus,georgiana,quge
quercus,graciliformis,qugr
quercus,gravesii,qugr2
quercus,grisea,qugr3
quercus,hemisphaerica,quhe2
quercus,hypoleucoides,quhy
quercus,ilex,quil2
quercus,ilicifolia,quil
quercus,imbricaria,quim
quercus,incana,quin
quercus,kelloggii,quke
quercus,laceyi,qula
quercus,laevis,qula2
quercus,laurifolia,qula3
quercus,lobata,qulo
quercus,lyrata,quly
quercus,macrocarpa,quma2
quercus,margarettiae,quma6
quercus,marilandica,quma3
quercus,michauxii,qumi
quercus,minima,qumi2
quercus,muehlenbergii,qumu
quercus,myrtifolia,qumy
quercus,nigra,quni
quercus,oblongifolia,quob
quercus,oglethorpensis,quog
quercus,pagoda,qupa5
quercus,palustris,qupa2
quercus,petraea,qupe2
quercus,phellos,quph
quercus,polymorpha,qupo2
quercus,prinoides,qupr
quercus,prinus,qupr2
quercus,robur,quro2
quercus,robusta,quro3
quercus,rubra,quru
quercus,rugosa,quru4
quercus,shumardii,qush
quercus,similis,qusi2
quercus,sinuata,qusis
quercus,sinuata,qusi
quercus,sinuata,qusib
quercus,stellata,qust
quercus,suber,qusu5
quercus,tardifolia,quta
quercus,texana,qute
quercus,vaseyana,quva5
quercus,velutina,quve
quercus,virginiana,quvi
quercus,wislizeni,quwi2
randia,aculeata,raac
rapanea,myricifolia,ramy
rauvolfia,insularis,rain8
rauvolfia,nitida,rani2
rauvolfia,sandwicensis,rasa3
rauvolfia,vomitoria,ravo
ravenala,madagascariensis,rama7
ravenia,urbanii,raur
reynoldsia,lanutoensis,rela
reynoldsia,sandwicensis,resa
reynosia,guama,regu
reynosia,krugii,rekr
reynosia,uncinata,reun
rhamnus,cathartica,rhca3
rheedia,edulis,rhed4
rhizophora,apiculata,rhap2
rhizophora,lamarckii,rhla12
rhizophora,mangle,rhma2
rhizophora,mucronata,rhmu
rhizophora,stylosa,rhst8
rhododendron,catawbiense,rhca8
rhodomyrtus,tomentosa,rhto10
rhus,lancea,rhla11
rhus,lanceolata,rhla3
rhus,sandwicensis,rhsa2
rhus,taitensis,rhta
ricinus,communis,rico3
rinorea,carolinensis,rica16
robinia,neomexicana,rone
robinia,pseudoacacia,rops
rochefortia,acanthophora,roac2
rochefortia,spinosa,rosp8
rollinia,deliciosa,rode5
rollinia,mucosa,romu3
rondeletia,inermis,roin4
rondeletia,pilosa,ropi3
rondeletia,portoricensis,ropo
roystonea,borinquena,robo
roystonea,elata,roel
roystonea,oleracea,rool
roystonea,spp.,royst
sabal,causiarum,saca
sabal,mexicana,same8
sabal,minor,sami8
sabal,palmetto,sapa
sagraea,umbrosa,saum3
salix,alba,saal2
salix,amygdaloides,saam2
salix,bonplandiana,sabo
salix,caroliniana,saca5
salix,elaeagnos,sael
salix,fragilis,safr
salix,humboldtiana,sahu
salix,lasiolepis,sala6
salix,nigra,sani
salix,pyrifolia,sapy
salix,scouleriana,sasc
salix,sepulcralis,sase10
salix,sericea,sase
samadera,indica,sain13
samanea,saman,sasa10
samyda,dodecandra,sado7
sandoricum,koetjape,sako4
santalum,album,saal16
santalum,ellipticum,sael2
santalum,freycinetianum,safr4
santalum,haleakalae,saha3
santalum,paniculatum,sapa7
santalum,salicifolium,sasa8
sapindus,oahuense,saoa3
sapindus,saponaria,sasad
sapindus,saponaria,sasa4
sapindus,vitiensis,savi17
sapium,glandulosum,sagl5
sapium,laurifolium,sala25
sapium,laurocerasus,sala8
sarcopygme,pacifica,sapa35
sassafras,albidum,saal5
savia,sessiliflora,sase6
schaefferia,frutescens,scfr
schefflera,actinophylla,scac2
schefflera,gleasonii,scgl6
schefflera,kraemeri,sckr2
schefflera,morototonii,scmo10
schefflera,samoensis,scsa10
schinus,molle,scmo
schinus,terebinthifolius,scte
schizolobium,parahybum,scpa23
schleichera,oleosa,scol3
schleinitzia,fosbergii,scfo2
schoepfia,arenaria,scar2
schoepfia,obovata,scob
schoepfia,schreberi,scsc3
scyphiphora,hydrophyllacea,schy5
securinega,flexuosa,sefl9
semecarpus,kraemeri,sekr3
semecarpus,venenosa,seve4
senna,alata,seal4
senna,atomaria,seat3
senna,corymbosa,seco9
senna,gaudichaudii,sega2
senna,multijuga,semu5
senna,pendula,sepe4
senna,polyphylla,sepo5
senna,septemtrionalis,sese13
senna,siamea,sesi3
senna,spectabilis,sesp9
senna,spp.,senna
senna,sulfurea,sesu10
senna,surattensis,sesu4
sequoia,sempervirens,sese3
sequoiadendron,giganteum,segi2
serianthes,kanehirae,seka2
serianthes,nelsonii,sene9
sesbania,grandiflora,segr5
sesbania,sesban,sese8
shirakiopsis,indica,shin
sideroxylon,celastrinum,sice2
sideroxylon,cubense,sicu7
sideroxylon,foetidissimum,sifo
sideroxylon,laetevirens,sila4
sideroxylon,lanuginosum,silal3
sideroxylon,lycioides,sily
sideroxylon,obovatum,siob
sideroxylon,persimile,sipe11
sideroxylon,portoricense,sipo3
sideroxylon,salicifolium,sisa6
sideroxylon,tenax,site2
simarouba,glauca,sigl3
simarouba,spp.,simar
simarouba,tulae,situ
siphoneugena,densiflora,side6
sloanea,amygdalina,slam
sloanea,berteriana,slbe
sloanea,spp.,sloan
solanum,americanum,soam
solanum,bahamense,sobab
solanum,donianum,sodo3
solanum,erianthum,soer2
solanum,mauritianum,soma3
solanum,nudum,sonu4
solanum,polygamum,sopo
solanum,rugosum,soru
solanum,torvum,soto4
sonneratia,alba,soal10
sophora,affinis,soaf
sophora,chrysophylla,soch
sophora,secundiflora,sose3
sophora,tomentosa,soto3
sorbus,americana,soam3
sorbus,aucuparia,soau
sorbus,decora,sode3
soulamea,amara,soam2
spathodea,campanulata,spca2
spiraeanthemum,samoense,spsa7
spondias,dulcis,spdu3
spondias,mombin,spmo
spondias,pinnata,sppi4
spondias,purpurea,sppu
stahlia,monosperma,stmo
stemonurus,ammui,stam10
sterculia,apetala,stap
sterculia,fanaiho,stfa5
sterculia,foetida,stfo2
sterculia,palauensis,stpa20
sterculia,ponapensis,stpo10
stewartia,koreana,stko2
stewartia,malacodendron,stma
stewartia,ovata,stov
streblus,anthropophagorum,stan9
streblus,pendulinus,stpe3
styphnolobium,japonicum,stja9
styrax,americanus,stam4
styrax,grandifolius,stgr4
styrax,portoricensis,stpo3
suriana,maritima,suma2
swietenia,macrophylla,swma
swietenia,mahagoni,swma2
swietenia,spp.,swiet
syagrus,romanzoffiana,syro4
symplocos,lanata,syla2
symplocos,martinicensis,syma
symplocos,micrantha,symi3
symplocos,racemosa,syra6
syncarpia,glomulifera,sygl
synsepalum,dulcificum,sydu
syringa,reticulata,syre2
syzygium,aqueum,syaq
syzygium,brevifolium,sybr3
syzygium,carolinense,syca4
syzygium,clusiifolium,sycl
syzygium,cumini,sycu
syzygium,dealatum,syde3
syzygium,grande,sygr2
syzygium,inophylloides,syin2
syzygium,jambos,syja
syzygium,malaccense,syma2
syzygium,paniculatum,sypa7
syzygium,richii,syri3
syzygium,samarangense,sysa3
syzygium,samoense,sysa6
syzygium,sandwicense,sysa
syzygium,spp.,syzyg
syzygium,stelechanthum,syst3
tabebuia,chrysantha,tach3
tabebuia,donnell-smithii,tado2
tabebuia,haemantha,taha
tabebuia,heterophylla,tahe
tabebuia,pallida,tapa10
tabebuia,rigida,tari
tabebuia,rosea,taro
tabebuia,schumanniana,tasc2
tabernaemontana,aurantiaca,taau3
tabernaemontana,citrifolia,taci
tabernaemontana,pandacaqui,tapa13
tabernaemontana,rotensis,taro3
tamarindus,indica,tain2
tarenna,sambucina,tasa2
taxodium,ascendens,taas
taxodium,distichum,tadi2
taxodium,mucronatum,tamu
taxus,baccata,taba80
taxus,brevifolia,tabr2
taxus,cuspidata,tacu
taxus,floridana,tafl
tecoma,castanifolia,teca9
tecoma,stans,test
tectona,grandis,tegr
terminalia,carolinensis,teca16
terminalia,catappa,teca
terminalia,crassipes,tecr3
terminalia,edulis,teed
terminalia,ivorensis,teiv2
terminalia,kaernbachii,teka4
terminalia,litoralis,teli7
terminalia,myriocarpa,temy
terminalia,oblonga,teob
terminalia,richii,teri3
terminalia,samoensis,tesa2
terminalia,spp.,termi
terminalia,superba,tesu2
ternstroemia,heptasepala,tehe3
ternstroemia,luquillensis,telu2
ternstroemia,peduncularis,tepe
ternstroemia,stahlii,test3
ternstroemia,subsessilis,tesu
tetragastris,balsamifera,teba
tetraplasandra,flynnii,tefl5
tetraplasandra,gymnocarpa,tegy
tetraplasandra,hawaiensis,teha2
tetraplasandra,kavaiensis,teka3
tetraplasandra,oahuensis,teoa
tetraplasandra,waialealae,tewa
tetraplasandra,waimeae,tewa3
tetrazygia,angustifolia,tean2
tetrazygia,bicolor,tebi
tetrazygia,biflora,tebi2
tetrazygia,elaeagnoides,teel
tetrazygia,urbanii,teur
theobroma,cacao,thca
thespesia,grandiflora,thgr2
thespesia,populnea,thpo3
thevetia,peruviana,thpe3
thouinia,striata,thst2
thouinia,striata,thstp
thrinax,morrisii,thmo4
thrinax,radiata,thra2
thuja,occidentalis,thoc2
thuja,plicata,thpl
tibouchina,granulosa,tigr3
tilia,americana,tiam
tilia,americana,tiamh
tilia,americana,tiamc
tilia,cordata,tico2
tilia,tomentosa,tito
timonius,albus,tial2
timonius,corymbosus,tico7
timonius,ledermanii,tile4
timonius,mollis,timo4
timonius,ponapensis,tipo5
timonius,spp.,timon
timonius,subauritus,tisu3
timonius,timon,titi
tipuana,tipu,titi2
toona,ciliata,toci
toona,spp.,toona
torralbasia,cuneifolia,tocu
torreya,californica,toca
torreya,taxifolia,tota
tournefortia,argentea,toar2
tournefortia,filiflora,tofi
trachycarpus,fortunei,trfo3
tree,broadleaf,2tb
tree,evergreen,2te
tree,unknown,2tree
trema,cannabina,trca33
trema,lamarckianum,trla2
trema,micranthum,trmi2
trema,orientalis,tror
triadica,sebifera,trse6
trichilia,hirta,trhi3
trichilia,pallida,trpa2
trichilia,triacantha,trtr8
trichospermum,ikutai,trik
trichospermum,ledermannii,trle8
trichospermum,richii,trri9
triphasia,trifolia,trtr7
triplaris,cumingiana,trcu6
triplaris,spp.,tripl5
tristiropsis,obtusangula,trob7
trophis,racemosa,trra4
trukia,carolinensis,trca7
tsuga,canadensis,tsca
tsuga,caroliniana,tsca2
tsuga,heterophylla,tshe
tsuga,mertensiana,tsme
turpinia,occidentalis,tuoc
ulmus,alata,ulal
ulmus,americana,ulam
ulmus,crassifolia,ulcr
ulmus,davidiana,ulda
ulmus,parvifolia,ulpa
ulmus,procera,ulpr
ulmus,pumila,ulpu
ulmus,rubra,ulru
ulmus,serotina,ulse
ulmus,thomasii,ulth
umbellularia,californica,umca
ungnadia,speciosa,unsp
urera,baccifera,urba
urera,caracasana,urca2
urera,chlorocarpa,urch2
urera,glabra,urgl
urera,kaalae,urka
vaccinium,arboreum,vaar
vangueria,madagascariensis,vama5
vavaea,pauciflora,vaoa5
veitchia,merrillii,veme3
vernicia,fordii,vefo
vernicia,montana,vemo3
viburnum,sieboldii,visi
vitex,agnus-castus,viag
vitex,cofassus,vico17
vitex,divaricata,vidi2
vitex,negundo,vine2
vitex,parviflora,vipa6
vitex,trifolia,vitr7
wallenia,lamarckiana,wala
washingtonia,filifera,wafi
washingtonia,robusta,waro
weinmannia,affinis,weaf
weinmannia,pinnata,wepi
wikstroemia,bicornuta,wibi
wikstroemia,furcata,wifu
wikstroemia,monticola,wimo
wikstroemia,oahuensis,wioa
wikstroemia,phillyreifolia,wiph2
wikstroemia,pulcherrima,wipu
wikstroemia,sandwicensis,wisa
wikstroemia,skottsbergiana,wisk
wikstroemia,spp.,wikst
wikstroemia,villosa,wivi
ximenia,americana,xiam
xylocarpus,granatum,xygr
xylocarpus,moluccensis,xymo2
xylosma,buxifolia,xybu
xylosma,congestum,xyco7
xylosma,crenata,xycr
xylosma,hawaiiensis,xyha
xylosma,nelsonii,xyne2
xylosma,pachyphylla,xypa2
xylosma,samoensis,xysa
xylosma,schaefferioides,xysc2
xylosma,schwaneckeana,xysc3
yucca,aloifolia,yual
yucca,faxoniana,yufa
yucca,gloriosa,yugl2
yucca,guatemalensis,yugu
zanthoxylum,bifoliolatum,zabi
zanthoxylum,caribaeum,zaca3
zanthoxylum,dipetalum,zadi
zanthoxylum,flavum,zafl
zanthoxylum,hawaiiense,zaha
zanthoxylum,kauaense,zaka
zanthoxylum,martinicense,zama
zanthoxylum,monophyllum,zamo
zanthoxylum,oahuense,zaoa
zanthoxylum,punctatum,zapu2
zanthoxylum,spinifex,zasp
zanthoxylum,thomasianum,zath
zapoteca,portoricensis,zapo2
zelkova,serrata,zese80
ziziphus,mauritiana,zima
ziziphus,reticulata,zire
ziziphus,rignonii,ziri
ziziphus,taylorii,zita
